3.5,3.5,3.3,3.2,2.7,2.7,2.7,2.7,10.7,2.4,2014.338948,0,0,0,0,0,0,0,0,0,8,-1,-1,-1,-1,-1,-1,-1,-1,-1,219967.5771,0,222133.2,0
0.2,0.2,0.2,0.2,0.1,0.1,0.1,0.1,25.3,0.1,2017.116577,2014.134347,0,0,0,0,0,0,0,0,8,8,-1,-1,-1,-1,-1,-1,-1,-1,221912.2268,0,225880.5,0
0.2,0.2,0.2,0.2,0.1,0.1,29.8,0.1,14.4,0.1,0,2014.745477,2569.929987,0,0,0,0,0,0,0,8,8,6,-1,-1,-1,-1,-1,-1,-1,233497.612,0,228644.1,30.497285
48.5,0.2,0.2,0.2,0.1,0.1,6.3,0.1,12.6,0.1,2035.374395,2014.717714,0,0,0,0,0,0,0,0,0,8,6,-1,-1,-1,-1,-1,-1,-1,225886.063,0,233089.5,53.546306
50.4,0.2,0.2,0.2,0.1,0.1,30,0.1,12.6,0.1,2001.474749,2012.156753,2329.672602,0,0,0,0,0,0,0,0,8,6,-1,-1,-1,-1,-1,-1,-1,229798.1475,7.62432125,240064.2,0
50.3,0.2,0.2,52.6,0.1,0.1,6.4,0.1,12.7,12.6,2014.33615,2017.255555,0,2159.95167,2019.395998,0,0,0,0,0,0,8,6,3,9,-1,-1,-1,-1,-1,232621.0606,16.8087182,236482.2,51.69087
50.3,0.3,0.2,11.1,24.6,0.1,0.1,0.1,12.4,12.6,2017.022836,0,2031.056247,0,2014.320271,0,0,0,0,0,0,8,4,3,9,-1,-1,-1,-1,-1,236175.6715,16.8087182,239505.9,175.022214
50.4,0.2,0.2,49,25.1,0.1,0.1,0.1,0.1,12.6,1993.550144,2027.981336,2017.204364,0,2016.86849,0,0,0,0,0,0,3,4,-1,9,-1,-1,-1,-1,-1,236718.8258,27.1468922,241160.1,0
50.3,0.2,0.2,50.2,33.3,0.1,0.1,0.1,0.1,12.6,2022.352566,2022.437074,0,2375.133636,2008.855985,0,0,0,0,0,0,3,4,4,9,-1,-1,-1,-1,-1,237556.3086,62.151335,229949.7,26.385424
5.5,0.2,0.2,52.2,7.6,0.1,0.1,0.1,0.1,12.6,0,0,2018.587948,0,2019.389514,0,0,0,0,0,0,3,3,4,9,-1,-1,-1,-1,-1,227430.6318,56.051878,231924.9,31.23308767
0.2,0.2,0.2,50.2,0.1,0.1,0.1,0.1,18.5,12.6,2741.518417,0,2004.193606,0,2013.881762,0,0,0,0,0,8,-1,3,-1,9,-1,-1,-1,-1,-1,233603.4544,50.6197016,225728.1,0
0.2,48.5,0.2,3,0.1,0.1,0.1,0.1,4.1,1,0,2031.356468,0,0,0,0,0,0,0,0,8,1,3,-1,9,-1,-1,-1,-1,-1,221286.4362,56.86631913,231593.1,25.14115233
48.9,50.3,0.2,0.2,0.1,0.1,0.1,0.1,0.1,0.1,2013.190093,2030.630212,0,0,0,0,0,0,0,0,0,1,-1,-1,-1,-1,-1,-1,-1,-1,228749.7794,46.52814513,237264.9,0
50.3,50.3,0.2,0.2,0.1,0.1,30.1,0.1,0.1,0.1,2009.773682,2011.86498,2574.185361,0,0,0,0,0,0,0,0,1,6,-1,-1,-1,-1,-1,-1,-1,237346.3249,16.5519328,235711.5,0
3.3,50.3,0.2,44.2,0.1,0.1,6.2,0.1,0.1,12.6,2009.354614,2046.358143,0,2019.39738,0,0,0,0,0,0,3,1,6,9,-1,-1,-1,-1,-1,-1,234954.9156,16.5519328,246894.6,50.313166
0.2,50.3,48.8,50.2,0.1,0.1,0.1,24.9,0.1,12.7,2027.623999,2011.80475,2014.455217,2014.336591,2032.242007,0,0,0,0,0,3,1,7,9,2,-1,-1,-1,-1,-1,245669.3227,11.274848,246288.6,0
0.2,50.3,50.2,2.9,0.1,0.1,24.8,25.2,0.1,24.2,2001.276521,2016.923854,2017.505693,1989.002871,2030.314038,2004.410324,0,0,0,0,9,1,7,9,2,6,-1,-1,-1,-1,242036.9718,15.09086367,243195.3,0
0.2,31.5,11.6,0.2,24.2,8.4,25.2,25.2,0.1,25.3,2019.402063,0,2017.487525,2034.635977,2022.515699,2017.42831,2027.31416,0,0,0,9,1,7,9,5,6,4,-1,-1,-1,245235.5702,15.09086367,239424.6,182.321474
0.2,0.2,0.2,0.2,25.1,25,2.8,25.2,18.3,16.5,0,3459.079975,2012.494848,2013.79161,2022.509541,0,2017.232094,0,0,0,9,8,7,9,5,6,4,-1,-1,-1,251509.1625,10.0626332,245301.6,351.2846375
48.2,0.2,48.1,0.2,2.8,25,0.1,25.2,4,12.6,2011.04874,0,2017.500731,2008.838849,2019.467311,2020.212825,0,0,0,0,0,8,7,9,5,2,4,-1,-1,-1,240417.4104,46.526928,248655,35.3246145
50.3,52.1,48.8,0.2,0.1,25.1,0.1,24.9,0.1,0.8,2028.007733,2154.368634,0,0,2022.51717,0,0,0,0,0,0,1,7,9,5,2,-1,-1,-1,-1,235429.8173,116.7838555,234882.9,198.8139
8.3,70.5,0.2,0.2,12.9,25.1,0.1,0.1,0.1,0.1,2017.092374,0,2019.067271,0,2009.427728,0,0,0,0,0,4,1,1,-1,5,-1,-1,-1,-1,-1,233294.23,113.7861452,238418.4,120.39972
0.2,3.5,0.2,52.3,25.1,48,0.1,0.1,0.1,0.1,2017.308548,2161.731315,2009.91715,0,2026.959266,0,0,0,0,0,4,3,5,-1,5,-1,-1,-1,-1,-1,241284.9797,153.5489252,239725.2,0
0.2,0.2,0.2,60.7,25.1,49.9,0.1,0.1,0.1,0.1,2022.327707,0,2017.443421,2038.423726,0,0,0,0,0,0,4,3,5,3,5,-1,-1,-1,-1,-1,233393.2373,177.6288692,233421,326.005079
51.4,0.3,0.2,6.6,25.1,7.2,0.1,0.1,8,0.1,2017.103369,2200.173361,0,2017.260986,0,0,0,0,0,0,4,0,5,8,-1,-1,-1,-1,-1,-1,232700.2925,141.1645744,230790.9,377.631377
13.5,0.2,0.2,0.2,25.1,0.1,0.1,24.8,12.6,0.1,2014.305822,0,2022.583376,2017.255422,0,0,0,0,0,0,4,0,7,8,-1,-1,-1,-1,-1,-1,226509.3182,136.1086627,236582.1,65.052199
0.2,0.2,48.7,0.2,25.1,0.1,0.1,25.2,12.6,0.1,2027.353488,2023.631197,2007.425217,2019.739416,0,0,0,0,0,0,4,2,7,8,-1,-1,-1,-1,-1,-1,234003.1813,204.5700152,235706.7,0
0.2,0.2,49.9,0.2,16.1,0.1,24.7,2.8,12.6,0.1,0,0,0,2017.256286,2017.491139,0,0,0,0,0,4,2,7,8,6,-1,-1,-1,-1,-1,227422.2005,177.817675,229272,270.1606063
0.2,0.2,0.2,0.2,24.6,0.1,25.2,0.1,12.6,0.1,2012.163923,0,0,2017.263979,2012.490779,0,0,0,0,0,4,-1,-1,8,6,-1,-1,-1,-1,-1,231988.8203,153.737731,249091.5,0
0.2,0.3,0.2,0.2,54.5,29.9,54.6,0.1,12.6,12.6,2012.105675,2196.701052,2321.783981,2009.215249,1996.214582,2008.762641,2334.154332,0,0,0,4,4,6,8,6,9,5,-1,-1,-1,259598.472,207.7698523,241686.3,0
0.2,0.2,46.2,0.2,33.5,7.6,31.6,0.1,4.5,12.6,2012.253118,0,0,0,2019.537925,2016.871762,0,2009.672795,0,0,4,4,6,8,6,9,5,2,-1,-1,243577.1973,142.5688365,242295.6,144.8141695
0.2,0.2,50.2,0.2,54.4,0.1,25.2,0.1,0.1,12.6,1999.204414,2555.170043,0,0,2022.348419,2019.395564,0,2009.287143,0,0,4,4,-1,-1,6,9,-1,2,-1,-1,249484.6666,67.04256107,245862.6,0
51.5,0.2,50.2,0.2,33.6,0.1,24.4,0.1,0.1,12.6,2014.099807,0,2118.983479,0,0,2016.8344,0,2003.138937,0,0,4,4,0,-1,6,9,-1,2,-1,-1,243926.4819,82.99495517,238472.1,180.958689
13.8,0.2,50.2,0.2,50.1,0.1,0.1,0.1,0.1,12.6,2038.433274,2022.319073,0,0,0,2013.829763,0,2030.026002,0,0,4,4,0,-1,-1,9,-1,2,-1,-1,236715.5022,82.99495517,237893.1,66.89636
0.2,0.2,97.8,0.2,29.4,0.1,0.1,0.1,0.1,12.6,0,2019.361517,2026.319265,0,0,2014.358486,0,1947.870627,0,0,4,4,2,-1,-1,9,-1,2,-1,-1,240626.6342,65.1545717,236803.8,34.741317
0.2,51.4,42.5,0.2,32.9,0.1,0.1,0.1,0.1,0.2,2162.093414,0,2344.885295,0,0,0,0,0,0,0,1,4,4,-1,-1,9,-1,2,-1,-1,229955.6752,78.5338437,229170.3,88.25670767
0.2,21.1,52.3,0.2,8.3,0.1,0.1,0.1,0.1,0.1,0,2122.038468,0,0,0,0,0,0,0,0,1,2,4,-1,-1,-1,-1,-1,-1,-1,221482.2516,85.4821071,222607.2,242.1112065
0.2,0.2,11.7,0.2,0.1,0.1,0.1,24.9,0.1,0.1,2014.392005,0,0,0,0,0,0,0,0,0,7,2,-1,-1,-1,-1,-1,-1,-1,-1,224101.6607,74.17061473,229228.5,53.429948
52.2,0.2,0.2,0.2,0.1,0.1,0.1,25.2,0.1,0.1,2022.50141,2133.326999,0,0,0,0,0,0,0,0,7,0,-1,-1,-1,-1,-1,-1,-1,-1,229200,122.592856,240464.4,0
13.6,0.2,48.8,0.2,0.1,24.5,0.1,32.9,0.1,18.8,0,0,2628.270724,2024.487728,2022.106392,2795.900987,0,0,0,0,7,0,7,5,2,9,-1,-1,-1,-1,242445.5467,97.08710783,235992,42.805633
0.2,0.2,50.2,0.2,0.1,25,0.1,6.5,18.5,5.2,2754.4164,0,0,2009.429802,2020.117936,0,0,0,0,0,8,-1,7,5,2,9,-1,-1,-1,-1,229943.9373,83.70783583,231226.2,64.1246235
0.2,0.2,98.7,0.2,0.1,3.9,0.1,0.1,4,0.1,0,1980.510194,0,0,2051.088446,0,0,0,0,0,8,2,-1,5,2,-1,-1,-1,-1,-1,228753.6894,85.32069903,253674.6,43.9888305
0.2,0.3,99.3,98.3,30.1,0.1,0.1,0.1,34.5,0.1,2029.033466,3317.488786,2612.116606,2033.076621,1936.186241,2347.375253,1980.134409,0,0,0,2,8,8,3,2,4,3,-1,-1,-1,254508.7984,80.4942822,245919.9,0
0.2,0.2,64.3,52.6,34.7,0.1,0.1,0.1,7.6,12.6,0,0,0,2335.327437,2011.978256,0,2018.945004,2008.730551,0,0,2,8,8,4,2,4,3,9,-1,-1,240134.3214,40.869807,234351.9,130.9511325
0.2,0.2,10.8,2.9,9.5,0.1,0.1,52.2,4.6,12.6,2189.296493,0,0,0,2017.253369,0,1987.798666,2019.381887,0,0,7,-1,-1,4,8,-1,7,9,-1,-1,240570.9589,30.1838174,237069.3,386.844414
0.2,51.7,0.2,0.3,0.1,0.1,0.1,32.5,12.6,12.6,0,2162.67488,0,0,2014.713409,0,2022.552702,2009.037534,0,0,7,1,-1,-1,8,-1,7,9,-1,-1,239748.8009,56.3740439,235049.4,62.731321
51.8,21,0.2,0.2,0.1,0.1,0.1,5.3,12.6,12.6,2125.044382,0,0,0,2011.733482,0,0,2016.873591,0,0,0,1,-1,-1,8,-1,7,9,-1,-1,232504.8122,125.1818001,230563.5,231.216802
14.3,0.2,0.2,0.2,0.1,0.1,30,0.1,12.7,12.6,0,2604.760193,0,0,2014.706165,0,0,2014.329858,0,0,0,6,-1,-1,8,-1,-1,9,-1,-1,236909.0687,124.9031396,232017.3,72.079629
0.2,0.2,0.2,48.6,0.1,0.1,6.6,0.1,12.6,12.6,2024.421773,0,0,0,2014.749548,0,0,2011.854001,0,0,3,6,-1,-1,8,-1,-1,9,-1,-1,234878.5727,162.3487339,233330.1,53.699106
0.2,0.2,0.2,50.2,29.9,0.1,0.1,0.1,12.6,1.1,2027.473176,2318.252181,0,0,2014.748806,0,0,0,0,0,3,4,-1,-1,8,-1,-1,9,-1,-1,236029.9505,176.7646597,230948.7,15.185642
0.2,0.2,0.2,2.8,7.9,0.1,0.1,52.3,8.9,0.1,1968.340091,0,2410.907631,0,0,0,0,0,0,0,7,4,7,-1,8,-1,-1,-1,-1,-1,227653.448,161.3142544,227331.6,290.481898
0.2,0.2,0.2,0.2,0.1,0.1,24.5,32.8,0.1,0.1,2012.344915,2022.54198,0,0,0,0,0,0,0,0,7,6,7,-1,-1,-1,-1,-1,-1,-1,231563.7455,86.9825,230265.6,63.914321
51.8,0.2,0.2,0.2,0.1,0.1,25.2,5.4,0.1,0.1,0,2004.521932,2102.684045,0,0,0,0,0,0,0,7,6,0,-1,-1,-1,-1,-1,-1,-1,228997.0869,132.5326154,226264.5,355.546416
13,0.2,48.5,0.2,0.1,0.1,3.9,0.1,0.1,0.1,2029.067906,0,0,0,0,0,0,0,0,0,2,6,0,-1,-1,-1,-1,-1,-1,-1,219983.6178,99.0721192,232115.4,50.115958
0.2,0.3,50,52.6,0.1,0.1,0.1,0.1,0.1,0.1,0,2147.416561,0,0,0,0,0,0,0,0,2,3,-1,-1,-1,-1,-1,-1,-1,-1,221537.0521,155.7654766,225309,299.563618
48.9,0.2,0.2,11.7,0.1,0.1,0.1,0.1,0.1,0.1,2002.914722,0,0,0,0,0,0,0,0,0,0,3,-1,-1,-1,-1,-1,-1,-1,-1,224056.3418,155.048847,229817.1,55.086722
50.3,0.2,0.2,0.2,0.1,0.1,0.1,30.2,0.1,0.1,2017.279831,2657.285919,0,0,0,0,0,0,0,0,0,7,-1,-1,-1,-1,-1,-1,-1,-1,226002.7422,211.9244422,225824.4,0
4,48.7,0.2,0.2,0.1,0.1,0.1,6.8,0.1,0.1,0,0,2023.016429,0,0,0,0,0,0,0,0,7,1,-1,-1,-1,-1,-1,-1,-1,221268.8679,164.845407,232151.4,35.9092615
52.6,50.3,0.2,0.2,0.1,0.1,0.1,0.1,0.1,0.1,2126.490566,0,2021.740228,0,0,0,0,0,0,0,0,-1,1,-1,-1,-1,-1,-1,-1,-1,227555.6159,152.0625428,232401.3,0
13.9,49.6,0.2,44.6,0.1,0.1,0.1,0.1,0.1,0.1,0,2011.462277,2021.799909,0,0,0,0,0,0,0,0,1,3,-1,-1,-1,-1,-1,-1,-1,229200,88.1351119,238938,69.431931
48.2,50.3,0.2,50.2,0.1,0.1,0.1,0.1,0.1,0.1,2018.036133,1999.771456,2019.519884,0,0,0,0,0,0,0,0,1,3,-1,-1,-1,-1,-1,-1,-1,234816.6798,78.1119203,240866.1,0
50.4,50.3,0.2,2.5,0.1,0.1,0.1,47.7,0.1,0.1,2018.91467,2010.800282,2003.71347,2027.734754,0,0,0,0,0,0,0,1,7,7,-1,-1,-1,-1,-1,-1,237872.7928,32.0855829,241253.7,0
50.7,50.3,0.2,0.2,0.1,0.1,0.1,50.6,0.1,0.1,0,2021.149375,2017.476492,1997.241686,2017.520265,0,0,0,0,0,0,1,7,7,0,-1,-1,-1,-1,-1,240725.8304,21.0682385,240846.3,-2.805638
50.4,50.3,0.2,0.2,0.1,0.1,24.6,6.7,0.1,11.8,2019.55972,2028.401073,0,2014.322492,2008.333024,0,0,0,0,0,6,1,7,9,0,-1,-1,-1,-1,-1,234000.5472,21.0682385,237994.5,663.990542
2.8,50.3,0.2,0.2,0.1,0.1,54.7,0.1,0.1,12.6,2000.201913,2021.976084,2232.266633,2011.407782,0,0,0,0,0,0,6,1,6,9,0,-1,-1,-1,-1,-1,234325.9529,13.3252586,233545.8,4.666335
0.2,31,0.2,0.2,0.1,29.5,32.3,0.1,0.1,3.5,2019.479062,0,0,0,2693.59675,0,0,0,0,0,6,1,6,9,5,-1,-1,-1,-1,-1,225289.6652,146.123367,227752.2,204.4715873
0.2,0.3,0.2,0.2,0.1,8.3,25.3,24.9,0.1,0.1,2022.543688,2002.520818,0,0,0,0,0,0,0,0,6,7,-1,-1,5,-1,-1,-1,-1,-1,225831.3874,133.1702478,231601.8,73.572619
0.2,0.2,0.2,0.2,0.1,0.1,54.7,25.2,0.1,0.1,1987.749477,2017.443327,2562.181271,0,0,0,0,0,0,0,6,7,6,-1,-1,-1,-1,-1,-1,-1,235160.6007,174.0645653,230636.1,0
0.2,0.2,0.2,0.2,0.1,0.1,32.3,25.2,12.5,0.1,2009.397739,2004.49599,0,2014.249861,0,0,0,0,0,0,6,7,6,8,-1,-1,-1,-1,-1,-1,231950.4496,188.7790891,229190.4,61.6008
0.2,0.2,0.2,0.2,0.1,0.1,0.4,25.2,12.6,18.8,0,2012.509889,3541.833876,2014.745503,0,0,0,0,0,0,6,7,9,8,-1,-1,-1,-1,-1,-1,239154.6691,189.3402167,234021.9,-5.925922
52.2,0.2,0.2,0.2,0.1,0.1,0.1,25.2,12.6,5.3,2129.062949,2014.518311,0,2022.294623,0,0,0,0,0,0,0,7,9,8,-1,-1,-1,-1,-1,-1,232433.4045,68.86226827,231748.5,75.892344
13.7,0.2,0.2,0.2,30,0.1,0.1,25.2,12.6,0.1,0,2007.494567,2346.712143,2011.730347,0,0,0,0,0,0,0,7,4,8,-1,-1,-1,-1,-1,-1,232688.2178,66.74381687,229715.4,67.259886
0.2,52.3,0.2,0.2,7.7,0.1,0.1,1.1,12.6,0.1,2147.66039,0,0,2011.718637,0,0,0,0,0,0,1,7,4,8,-1,-1,-1,-1,-1,-1,227902.7529,41.0279682,227567.4,34.33544
0.2,21.5,0.2,0.2,24.6,0.1,0.1,0.1,12.6,0.1,0,2017.269225,0,2014.706773,0,0,0,0,0,0,1,4,-1,8,-1,-1,-1,-1,-1,-1,228703.298,39.7654216,228666.9,112.689332
48.6,0.2,0.2,0.2,25.1,0.1,0.1,0.1,0.1,0.1,2026.778557,2017.263374,0,0,0,0,0,0,0,0,0,4,-1,8,-1,-1,-1,-1,-1,-1,231598.4008,46.6325096,228280.5,-10.813787
50.3,0.2,0.2,0.2,3.3,0.1,0.1,0.1,12.5,0.1,2023.448221,0,2011.732842,0,0,0,0,0,0,0,0,4,8,-1,-1,-1,-1,-1,-1,-1,224574.6119,56.850216,236472.6,30.323888
56.1,0.2,19.3,0.2,30,0.1,0.1,0.1,12.6,0.1,2007.880671,2692.707116,2009.233418,2019.369687,0,0,0,0,0,0,2,4,8,0,-1,-1,-1,-1,-1,-1,238114.534,55.872643,236803.5,0
2.2,0.2,50.2,48.6,7.7,0.1,0.1,0.1,13.9,0.1,2016.959797,0,0,2004.353388,2018.057198,0,0,0,0,0,2,4,8,3,8,-1,-1,-1,-1,-1,229318.3705,46.7589518,239589.3,43.152073
0.2,0.2,50.2,50.2,0.1,0.1,0.1,24.7,12.6,0.1,2010.244252,2022.839128,0,2019.311179,2011.786743,0,0,0,0,0,2,7,-1,3,8,-1,-1,-1,-1,-1,239455.2646,33.3069746,239740.2,0
43.8,44.2,3,2.6,0.1,24.6,0.1,25.2,1.1,0.1,2015.842407,2022.786516,2025.068484,2026.443795,0,0,0,0,0,0,0,7,5,1,8,-1,-1,-1,-1,-1,243676.4146,35.0703012,244143.6,13.602274
50.3,50.3,0.2,48.9,0.1,25.1,0.1,2.5,0.1,0.1,2014.233389,0,2017.522623,2036.834925,2028.441041,0,0,0,0,0,0,7,5,1,3,-1,-1,-1,-1,-1,243713.8646,12.5324348,245985.9,16.196058
50.3,3.4,0.2,98.7,0.1,48.1,0.1,0.1,0.1,0.1,2009.03822,1981.444382,2024.50798,2022.515445,2048.926057,0,0,0,0,0,0,3,5,5,3,-1,-1,-1,-1,-1,246347.3453,17.415647,242706.9,0
50.3,0.2,0.2,5.3,0.1,75.4,0.1,0.1,0.1,18,2014.363252,2802.963294,2011.727972,2026.061696,0,2019.409095,0,0,0,0,0,9,5,5,3,5,-1,-1,-1,-1,244500.5248,14.590081,244032.3,6.517096
50.3,0.2,0.2,0.2,23.9,51.6,0.1,23,0.1,5.4,2014.357023,0,2017.44504,2022.447571,2014.24493,2009.425073,0,0,0,0,0,9,5,7,4,5,-1,-1,-1,-1,245436.8148,14.590081,247255.5,374.69565
50.3,0.2,0.2,0.2,25.1,50.5,0.1,25.2,0.1,18.8,2013.562146,3547.587888,2007.44776,2004.184714,2014.055626,2009.384744,0,0,0,0,0,9,5,7,4,5,-1,-1,-1,-1,249062.8427,7.2630856,234197.7,0
58.6,0.2,0.2,0.2,2.7,32.3,0.1,4.3,0.1,4.7,0,0,0,0,0,2022.479094,2221.94179,0,0,0,0,9,5,7,4,5,0,-1,-1,-1,229479.9448,82.2022156,230884.2,403.7384816
14.3,0.2,52.4,0.2,0.1,25.1,0.1,0.1,0.1,0.1,2135.057018,0,0,0,0,2023.371699,0,0,0,0,2,-1,-1,-1,-1,5,0,-1,-1,-1,232022.6086,79.4817608,229748.4,70.714911
48.4,0.2,11.3,0.2,0.1,25.1,0.1,0.1,0.1,0.1,0,2009.006084,0,0,0,2022.492243,0,0,0,0,2,0,-1,-1,-1,5,-1,-1,-1,-1,224554.4029,156.9902455,233713.2,52.404073
50.3,0.2,52.8,0.2,0.1,7.5,0.1,0.1,0.1,0.1,2136.794795,2020.702371,0,0,0,0,0,0,0,0,2,0,-1,-1,-1,5,-1,-1,-1,-1,226117.4819,171.1332277,232591.5,79.953057
50.4,49.1,10.4,0.2,0.1,0.1,0.1,0.1,0.1,0.1,0,2008.638108,2020.053279,0,0,0,0,0,0,0,2,0,1,-1,-1,-1,-1,-1,-1,-1,228700.5602,180.3106231,236306.1,50.111677
50.3,50.3,0.2,0.2,0.1,24.6,0.1,0.1,0.1,0.1,2017.422201,1998.044135,2010.874399,0,0,0,0,0,0,0,5,0,1,-1,-1,-1,-1,-1,-1,-1,230279.2854,121.3621045,239914.5,0
50.3,5.4,52.8,0.2,0.1,25.1,0.1,0.1,9.4,0.1,2022.723153,2009.431573,2019.776718,2229.558965,0,0,0,0,0,0,5,0,8,2,-1,-1,-1,-1,-1,-1,240245.0729,131.3844399,232059.6,0
50.4,0.2,10.6,0.3,0.1,3.5,0.1,0.1,31,0.1,0,2018.636591,2024.849711,0,2604.640646,0,0,0,0,0,5,0,8,2,8,-1,-1,-1,-1,-1,234076.2233,50.6367436,223479,39.986182
8.7,0.2,0.2,0.2,0.1,0.1,0.1,0.1,29.7,0.1,2014.732168,0,2019.780466,0,0,0,0,0,0,0,8,0,8,-1,8,-1,-1,-1,-1,-1,227429.7219,36.4937614,226580.7,49.160527
0.2,0.2,0.2,0.2,0.1,24.3,0.1,0.1,25.3,0.1,2012.247734,2017.327139,2025.271185,0,0,0,0,0,0,0,8,5,8,-1,-1,-1,-1,-1,-1,-1,232042.3742,34.0101832,232142.4,0
0.2,0.2,0.2,0.3,0.1,25,0.1,29.8,25.5,0.1,2009.737478,2016.508186,2012.199949,2655.195282,0,0,0,0,0,0,8,5,8,7,-1,-1,-1,-1,-1,-1,238015.9643,27.8516772,228478.8,0
0.2,0.2,0.2,0.2,0.1,27,0.1,7,25.3,0.1,2014.751989,0,2007.20779,0,2009.357009,0,0,0,0,0,8,5,8,7,5,-1,-1,-1,-1,-1,234801.5281,17.8293418,232581.9,37.1696885
48.4,0.2,0.2,0.2,0.1,25.1,0.1,0.1,16.4,0.1,2017.264586,2028.116416,0,0,2027.289226,0,0,0,0,0,8,0,8,-1,5,-1,-1,-1,-1,-1,233365.1875,17.8293418,232676.4,379.118453
50.3,0.2,0.2,0.2,24.5,2.8,0.1,0.1,12.6,0.1,2009.227927,2019.312532,2017.191951,0,0,0,0,0,0,0,8,0,4,-1,5,-1,-1,-1,-1,-1,234870.8168,25.2632795,230228.7,20.784957
3.3,0.2,0.2,0.2,25.1,22.6,0.1,0.1,18.7,0.1,0,2017.444271,2012.193315,3438.930272,0,0,0,0,0,0,8,5,4,8,-1,-1,-1,-1,-1,-1,230729.4324,93.0897337,226419.6,-9.950939
3.4,3.4,3.2,37.5,2.7,2.7,2.7,2.7,2.4,10.5,2129.772574,2016.512369,0,0,0,0,0,0,0,0,3,9,-1,-1,-1,-1,-1,-1,-1,-1,224810.4083,0,229702.2,0
0.2,0.2,0.2,65.1,0.1,0.1,0.1,0.1,0.1,12.6,0,2016.392605,2169.326477,0,0,0,0,0,0,0,3,9,3,-1,-1,-1,-1,-1,-1,-1,229272.8713,0,224634.3,68.549868
0.2,0.2,0.2,13.8,0.1,0.1,0.1,30.1,0.1,2.7,2617.203495,0,0,0,0,0,0,0,0,0,7,9,3,-1,-1,-1,-1,-1,-1,-1,222596.812,0,221667.6,63.562714
0.2,0.2,0.2,0.3,0.1,0.1,0.1,7.3,12.6,0.1,0,2009.1864,0,0,0,0,0,0,0,0,7,8,-1,-1,-1,-1,-1,-1,-1,-1,221239.2911,22.849956,225635.7,64.653501
0.2,0.3,0.2,0.2,0.1,0.1,0.1,30.1,12.6,0.1,2322.443222,2017.220361,0,0,0,0,0,0,0,0,7,8,-1,-1,-1,-1,-1,-1,-1,-1,227745.4209,33.0281455,228917.7,0
0.2,48.8,0.2,0.2,0.1,0.1,0.1,7.4,12.6,0.1,0,2012.152084,2035.043044,0,0,0,0,0,0,0,7,8,1,-1,-1,-1,-1,-1,-1,-1,227482.5008,39.3532166,235372.2,62.75129
52.1,50.3,0.2,0.2,0.1,0.1,0.1,0.1,12.6,0.1,2239.941449,2017.206728,2004.274026,0,0,0,0,0,0,0,0,8,1,-1,-1,-1,-1,-1,-1,-1,230922.1559,39.3532166,232184.7,0
12.1,50.3,0.2,0.2,0.1,0.1,0.1,0.1,12.6,12.6,0,2017.220349,2027.85744,2008.115439,0,0,0,0,0,0,0,8,1,9,-1,-1,-1,-1,-1,-1,232050.5901,51.9034746,238462.8,58.158304
52.2,50.2,0.2,0.2,0.1,0.1,0.1,0.1,11.4,12.6,2253.760498,0,2020.04461,2016.584855,0,0,0,0,0,0,0,8,1,9,-1,-1,-1,-1,-1,-1,235766.2075,38.193501,230785.8,269.702452
12.5,50.3,0.2,0.2,0.1,24.7,0.1,0.1,0.1,2.2,0,2006.644296,2019.827644,0,0,0,0,0,0,0,0,5,1,9,-1,-1,-1,-1,-1,-1,228696.136,37.112619,233897.1,52.690108
0.2,98.6,0.2,0.2,0.1,25.1,0.1,0.1,0.1,0.1,1988.182715,2017.097055,2013.263044,0,0,0,0,0,0,0,1,5,1,-1,-1,-1,-1,-1,-1,-1,236035.7051,78.1224092,233894.1,0
49.8,31.6,0.2,0.2,0.1,27.9,0.1,0.1,0.1,0.1,2145.691685,0,0,2022.181245,0,0,0,0,0,0,0,5,1,5,-1,-1,-1,-1,-1,-1,229197.3047,88.6604308,227883.9,100.77549
15.5,0.2,0.2,0.2,0.1,25.1,0.1,25,0.1,0.1,0,2017.019469,0,2017.071001,0,0,0,0,0,0,0,7,-1,5,-1,-1,-1,-1,-1,-1,225852.5874,76.1101728,230819.4,378.321026
0.3,0.2,0.2,0.2,0.1,25.1,0.1,50.4,0.1,0.1,2009.1836,2012.231169,0,2027.205835,0,0,0,0,0,0,7,7,-1,5,-1,-1,-1,-1,-1,-1,233289.3568,96.2652708,236250.9,0
0.2,0.2,0.2,0.2,0.1,25.1,29.8,50.6,0.1,0.1,2012.775587,2024.343602,2337.609419,2033.960743,0,0,0,0,0,0,7,7,6,5,-1,-1,-1,-1,-1,-1,239257.242,160.2978152,232689.3,0
0.2,0.3,0.2,0.2,0.1,25.1,6.7,30.4,0.1,18.7,0,2009.173172,0,2017.135494,2852.343259,0,0,0,0,0,7,7,6,5,9,-1,-1,-1,-1,-1,232876.6622,106.3573248,232059.6,52.6933265
0.2,0.2,0.2,0.2,0.1,25.1,0.1,50.3,0.1,4.5,2017.147988,2022.294647,0,2011.767752,0,0,0,0,0,0,7,7,-1,5,9,-1,-1,-1,-1,-1,233517.4095,95.8193032,236107.8,61.06999
0.2,0.2,0.2,0.2,0.1,30.4,0.1,75.6,0.1,0.1,2023.786514,2022.280807,1996.263215,0,2011.977583,0,0,0,0,0,7,7,7,5,5,-1,-1,-1,-1,-1,238127.111,106.3579685,234288.6,58.792564
0.2,0.2,0.2,0.2,0.1,34.3,0.1,60.4,0.1,0.1,0,2032.342286,2004.422334,1850.472423,2006.966367,0,0,0,0,0,7,5,7,7,5,-1,-1,-1,-1,-1,236277.0954,98.4168685,242456.1,62.474338
50.4,0.2,0.2,47.1,0.1,29.2,0.1,32,0.1,0.1,2114.258322,2011.811123,0,2027.221319,0,2050.207507,0,0,0,0,0,5,7,7,5,3,-1,-1,-1,-1,238466.5576,34.5111761,240225.9,46.568617
12.2,0.2,0.2,50.2,0.1,25.1,29.9,25.3,0.1,0.1,0,2022.675429,2350.239349,2019.167565,0,2020.979624,0,0,0,0,0,5,6,7,-1,3,-1,-1,-1,-1,236588.1498,47.0060437,234631.2,56.215153
0.2,0.2,48.5,0.8,0.1,25.1,6.4,25.3,0.1,0.1,1993.779608,2007.076218,0,2009.218619,0,0,0,0,0,0,2,5,6,7,-1,3,-1,-1,-1,-1,233270.5683,56.3197671,238067.1,22.2723675
0.2,0.2,43.6,0.2,30,25.1,0.1,25.9,0.1,0.1,0,2009.101615,2337.109669,2009.164697,0,0,0,0,0,0,2,5,4,7,-1,-1,-1,-1,-1,-1,237304.0153,57.0241324,234907.5,260.170421
0.2,48.9,0.2,0.2,7.7,25.1,0.1,25.3,0.1,0.1,2034.369707,2022.015152,0,2009.114332,0,0,0,0,0,0,1,5,4,7,-1,-1,-1,-1,-1,-1,229200,49.2646079,233583.6,66.297523
0.2,50.2,0.2,0.2,24.6,23,0.1,2.7,0.1,0.1,2020.590114,0,2014.003932,0,0,0,0,0,0,0,1,5,4,7,-1,-1,-1,-1,-1,-1,225974.2078,89.5401793,228237.9,293.2492575
0.2,17.5,0.2,0.2,25.1,0.1,0.1,25,0.1,0.1,0,2009.216757,2013.842881,0,0,0,0,0,0,0,1,7,4,-1,-1,-1,-1,-1,-1,-1,225828.7637,90.3048163,226635,97.732549
0.2,0.2,0.2,0.2,2,0.1,0.1,50.5,0.1,0.1,2017.15532,2017.097976,0,0,0,0,0,0,0,0,7,7,4,-1,-1,-1,-1,-1,-1,-1,228708.7302,139.6409444,233454.9,15.144156
0.2,0.2,48.4,0.2,0.1,0.1,0.1,50.7,0.1,0.1,2012.30942,2012.240344,1985.352134,0,0,0,0,0,0,0,7,7,2,-1,-1,-1,-1,-1,-1,-1,233161.7629,147.9444236,236494.5,0
0.2,0.2,46.1,48.7,0.1,0.1,0.1,30.7,0.1,0.1,0,2012.234698,0,2026.51201,0,0,0,0,0,0,7,7,2,3,-1,-1,-1,-1,-1,-1,231579.3598,146.5187813,236169,164.334938
48.7,0.2,0.2,50.2,0.1,0.1,0.1,25.3,0.1,0.1,2001.187378,2012.256025,0,2029.632674,0,0,0,0,0,0,0,7,-1,3,-1,-1,-1,-1,-1,-1,233785.9207,94.4846971,233634.6,0
50.4,0.2,0.2,1,24.7,0.1,0.1,25.7,0.1,0.1,2028.693079,2012.236027,2017.079683,0,0,0,0,0,0,0,0,7,4,3,-1,-1,-1,-1,-1,-1,233456.6933,114.0921801,227367.9,-4.447982
1.7,0.2,0.2,0.2,25.1,29.9,0.1,1.8,0.1,0.1,0,0,2014.085507,2336.451485,0,0,0,0,0,0,0,7,4,5,-1,-1,-1,-1,-1,-1,226536.0249,55.4423286,228592.8,4.233512
0.2,0.2,0.2,0.2,25.1,8,30.2,0.2,0.1,0.1,2606.121108,0,2026.554858,0,0,0,0,0,0,0,6,-1,4,5,-1,-1,-1,-1,-1,-1,227310.4599,35.0062224,228220.2,72.13402
0.2,0.2,0.2,0.2,25.1,0.1,6.3,30.2,0.1,0.1,0,2347.383352,2004.075677,0,0,0,0,0,0,0,6,7,4,-1,-1,-1,-1,-1,-1,-1,226682.1568,32.8240936,227445.9,53.105818
0.2,0.2,0.2,0.2,25.2,24.6,0.1,7.2,0.1,0.1,2013.471503,0,2026.809404,0,0,0,0,0,0,0,5,7,4,-1,-1,-1,-1,-1,-1,-1,228716.048,47.2508976,233857.8,62.51591
0.2,52.6,0.2,0.2,25.1,25.1,0.1,0.1,0.1,0.1,2025.14523,2190.100029,2004.079108,0,0,0,0,0,0,0,5,1,4,-1,-1,-1,-1,-1,-1,-1,229649.838,25.0050736,227582.7,0
0.2,20.3,0.2,49.1,0.5,3.2,0.1,0.1,0.1,0.1,0,0,0,2016.060582,0,0,0,0,0,0,5,1,4,3,-1,-1,-1,-1,-1,-1,221254.1967,37.5082556,231654.3,44.93433667
0.2,0.2,49.3,50.3,0.1,0.1,0.1,0.1,0.1,0.1,2003.014055,0,0,2038.407142,0,0,0,0,0,0,2,-1,-1,3,-1,-1,-1,-1,-1,-1,228793.6879,38.397852,241988.1,0
0.2,0.2,94.4,50.2,0.1,0.1,0.1,30.2,0.1,0.1,0,2003.908905,2617.364879,2010.469166,0,0,0,0,0,0,2,2,7,3,-1,-1,-1,-1,-1,-1,236995.8686,46.53801693,235189.8,272.643137
0.4,0.3,2.9,98.8,0.1,0.1,22.7,7,0.1,0.1,2011.205655,2009.462235,0,1964.582469,0,0,0,0,0,0,3,6,7,3,-1,-1,-1,-1,-1,-1,230643.1898,32.11121293,243499.5,56.806368
0.4,0.2,0.2,51.9,29.2,0.1,50.1,0.1,18.5,0.1,2651.298175,1996.852632,3543.697354,2009.651776,2017.309734,0,0,0,0,0,4,6,8,3,6,-1,-1,-1,-1,-1,251526.7911,76.01867673,235526.7,0
0.3,0.2,0.2,47.5,7.8,0.1,31.4,0.1,3.6,12.6,0,0,0,0,2017.432796,2018.9366,0,0,0,0,4,6,8,3,6,9,-1,-1,-1,-1,227424.1311,74.87676833,229501.5,265.9372038
0.3,0.3,0.2,0.2,0.1,0.1,50.2,0.1,0.1,12.6,2017.493995,0,0,0,2017.501726,2016.495489,0,0,0,0,6,-1,-1,-1,6,9,-1,-1,-1,-1,233796.4544,74.87676833,232834.2,0
0.2,0.2,0.2,0.2,0.1,0.1,50.6,0.1,12.5,12.6,1997.727281,2017.18299,0,0,2032.716862,2016.509563,0,0,0,0,6,8,-1,-1,6,9,-1,-1,-1,-1,236680.3836,119.0773418,238159.2,0
0.2,0.2,0.2,0.2,0.1,0.1,54.8,24.9,12.6,12.6,0,2011.896881,2017.252865,2007.382872,2027.61244,2014.008469,0,0,0,0,6,8,7,6,6,9,-1,-1,-1,-1,247001.3257,119.0773418,238427.7,40.750578
0.2,0.2,0.2,0.2,0.1,24,49.9,25.2,0.1,12.6,2038.165861,0,2017.152095,2017.453239,0,2021.611798,0,0,0,0,5,8,7,6,6,9,-1,-1,-1,-1,242364.8926,64.54871435,233589.9,140.8046475
0.2,0.2,0.2,0.2,0.1,25.1,4.7,25.2,12.5,12.6,2009.127694,2009.192167,2017.262256,0,0,2016.525898,0,0,0,0,5,8,7,6,-1,9,-1,-1,-1,-1,233938.7139,61.33755635,232860.3,45.336193
0.2,48.6,0.2,0.2,0.1,3.1,0.1,25.2,12.6,1,0,2017.167961,2026.910106,2034.152909,0,0,0,0,0,0,5,8,7,1,-1,9,-1,-1,-1,-1,234973.9402,89.49848585,233404.2,20.6923025
0.2,50.2,0.2,0.2,0.1,0.1,0.1,25.2,19.5,0.1,2881.561912,0,2022.272575,2013.758477,0,0,0,0,0,0,8,8,7,1,-1,-1,-1,-1,-1,-1,230062.9119,45.3782837,234583.8,9.512986
0.2,50.3,0.2,0.2,0.1,0.1,24.7,25.2,4,0.1,0,2017.496085,2012.2015,2021.690437,0,0,0,0,0,0,8,6,7,1,-1,-1,-1,-1,-1,-1,233311.5935,49.5167442,234693.3,52.940889
0.2,50.3,0.2,0.2,30,0.1,25.2,1.6,0.1,0.1,2554.874975,2009.45676,0,2024.449477,0,0,0,0,0,0,4,6,7,1,-1,-1,-1,-1,-1,-1,232599.876,51.4193414,237697.5,7.504828
0.2,50.3,0.2,49.1,7.2,0.1,25.2,0.1,0.1,0.1,0,2032.641407,2004.992808,2011.707531,0,0,0,0,0,0,4,6,3,1,-1,-1,-1,-1,-1,-1,236126.5698,53.8574036,240915,62.646136
0.2,50.2,0.2,50.2,0.1,0.1,25.2,24.8,0.1,0.1,2008.860251,2022.47631,2012.368469,2031.974537,0,0,0,0,0,0,7,6,3,1,-1,-1,-1,-1,-1,-1,243722.1948,27.1974397,245530.5,0
0.2,29.5,0.2,50.2,0.1,24.6,25.2,25.2,12.5,0.1,2017.247339,2017.450331,2025.616164,0,2027.823265,2022.27025,0,0,0,0,7,6,3,1,5,8,-1,-1,-1,-1,241474.8979,30.6594283,242409,171.48031
0.2,0.2,0.2,98.3,0.1,25.1,24.3,3.9,12.6,0.1,0,0,1996.632856,2001.494285,2022.1618,2019.59408,0,0,0,0,7,6,3,3,5,8,-1,-1,-1,-1,232590.2377,26.5209678,226898.4,160.755283
0.2,0.2,0.2,23.7,0.1,2.8,8.7,0.1,19.2,0.1,2760.764844,0,2014.478607,0,0,0,0,0,0,0,8,-1,6,3,5,8,-1,-1,-1,-1,230380.7414,58.9144326,229723.8,43.259834
0.2,48.5,0.3,0.3,0.1,0.1,25.2,0.1,3.7,0.1,0,2033.077398,2022.53833,0,0,0,0,0,0,0,8,1,6,-1,-1,-1,-1,-1,-1,-1,228779.0273,80.4773114,234402,50.297151
0.2,50.3,0.2,0.2,0.1,30.1,25.2,0.1,0.1,0.1,2344.519195,2020.548525,2017.459844,0,0,0,0,0,0,0,5,1,6,-1,-1,-1,-1,-1,-1,-1,240356.1485,87.6283126,232701.9,0
0.3,17.6,0.2,48.9,0.1,8.4,25.3,0.1,0.1,0.1,0,0,2017.37039,2018.205698,0,0,0,0,0,0,5,1,6,3,-1,-1,-1,-1,-1,-1,231568.4106,85.1585156,234449.7,86.447231
0.2,0.2,0.2,50.2,0.1,0.1,54.7,0.1,0.1,0.1,2188.051828,0,1999.493071,2030.977996,0,0,0,0,0,0,6,-1,6,3,-1,-1,-1,-1,-1,-1,232336.2604,85.1585156,227124.6,0
0.2,0.2,0.2,0.4,24.2,0.1,31.9,0.1,0.1,0.1,0,2022.005013,2012.475704,0,0,0,0,0,0,0,6,4,6,3,-1,-1,-1,-1,-1,-1,231564.2116,68.1518998,230364,21.5381215
0.2,0.2,0.2,0.2,54.5,0.1,18.2,0.1,0.1,0.1,2743.345352,1988.449974,0,0,0,0,0,0,0,0,4,4,6,-1,-1,-1,-1,-1,-1,-1,227531.9152,36.0008432,225948.6,511.684949
0.2,0.2,48.5,0.2,9.2,0.1,0.1,0.1,0.1,0.1,0,0,1993.250128,0,0,0,0,0,0,0,4,4,2,-1,-1,-1,-1,-1,-1,-1,219945.2335,31.6565007,227956.8,40.25259
0.2,0.2,44.3,0.2,0.1,24.8,0.1,0.1,0.1,0.1,2017.116805,0,0,0,0,0,0,0,0,0,5,-1,2,-1,-1,-1,-1,-1,-1,-1,219971.2632,123.9340603,225763.5,265.136537
0.2,0.2,0.2,0.2,0.1,25,0.1,0.1,18.6,0.1,2022.131193,2743.974747,0,0,0,0,0,0,0,0,5,8,-1,-1,-1,-1,-1,-1,-1,-1,226215.1728,131.9845783,223152.3,0
0.2,0.2,0.2,0.2,0.1,3.3,24.9,0.1,3.8,0.1,0,0,2014.249906,0,0,0,0,0,0,0,5,8,6,-1,-1,-1,-1,-1,-1,-1,224099.7839,167.7224395,226935,43.0955435
0.2,0.2,0.2,0.2,0.1,30.1,25.2,0.1,0.1,0.1,2638.200103,0,2017.494489,0,0,0,0,0,0,0,5,-1,6,-1,-1,-1,-1,-1,-1,-1,228082.2315,167.7224395,227426.4,0
0.2,0.2,0.2,0.2,0.1,7.8,25.2,0.1,0.1,18.8,0,2777.855591,1999.446837,0,0,0,0,0,0,0,5,9,6,-1,-1,-1,-1,-1,-1,-1,234060.6154,172.0339239,230780.1,68.538676
0.2,0.3,52.5,0.2,0.1,0.1,25.2,0.1,0.1,5.3,2112.795969,0,2004.461152,0,0,0,0,0,0,0,2,9,6,-1,-1,-1,-1,-1,-1,-1,224640.4074,69.6969341,226736.7,77.282744
0.2,0.2,5.9,0.2,0.1,0.1,50.4,0.1,0.1,0.1,0,2006.350032,2009.443079,0,0,0,0,0,0,0,2,6,6,-1,-1,-1,-1,-1,-1,-1,225928.5082,75.3541513,241204.5,24.438905
0.2,52.1,48.6,0.2,0.1,0.1,50.6,0.1,0.1,0.1,2007.399437,2012.300152,2017.50021,2138.871456,0,0,0,0,0,0,2,6,6,1,-1,-1,-1,-1,-1,-1,244111.2829,37.7833927,232386.9,0
0.2,20.2,50.2,0.2,0.1,0.1,5.2,0.1,18.6,0.1,1996.577834,0,0,0,2744.495394,0,0,0,0,0,2,6,6,1,8,-1,-1,-1,-1,-1,228116.9157,42.6711737,230877.3,48.65941967
0.2,0.2,50.2,0.2,0.1,0.1,0.1,30.1,3.9,0.1,1996.542299,2444.664094,0,0,0,0,0,0,0,0,2,7,-1,-1,8,-1,-1,-1,-1,-1,230233.9439,34.052065,237347.7,53.803079
0.2,48.8,50.2,0.2,0.1,0.1,0.1,31.8,0.1,0.1,2017.048477,0,2034.13997,2009.238913,0,0,0,0,0,0,2,7,1,7,-1,-1,-1,-1,-1,-1,233351.119,43.78394893,241419.6,56.658396
0.2,50.3,98.6,0.2,0.1,0.1,0.2,25.3,0.1,0.1,1932.79429,1989.426375,2011.922854,2009.22133,0,0,0,0,0,0,2,2,1,7,-1,-1,-1,-1,-1,-1,243240.6232,40.83682953,242371.2,0
0.2,50.3,72.2,0.2,0.1,0.1,0.1,25.2,11.5,0.1,0,2009.114774,2021.341603,2022.319116,1993.969576,0,0,0,0,0,2,8,1,7,2,-1,-1,-1,-1,-1,236601.2002,36.71195993,241345.2,129.724138
0.2,50.3,2.6,0.3,22.6,0.1,0.1,50.3,12.6,0.1,2019.702222,2014.653085,2017.913981,2033.30079,2022.10215,0,0,0,0,0,7,8,1,7,4,-1,-1,-1,-1,-1,241741.3796,31.82417893,243627.6,0
0.2,97.6,0.2,0.2,25.1,0.1,0.1,50.6,1.5,0.1,2014.22839,0,2028.807696,2034.536912,2022.169899,1986.449969,0,0,0,0,7,8,1,7,4,1,-1,-1,-1,-1,235607.1689,57.76900653,240087.3,314.138611
0.2,60.4,0.2,48.6,2.9,0.1,0.1,28.9,0.1,4.3,0,2020.198117,2013.997121,2004.20802,0,2005.903377,0,0,0,0,7,3,9,7,4,1,-1,-1,-1,-1,233768.5392,48.0371226,238422.3,178.162299
0.2,50.4,0.2,50.2,0.2,0.1,0.1,0.2,12.5,12.6,2006.684372,2010.126638,2016.568142,0,0,2032.020784,0,0,0,0,8,3,9,7,-1,1,-1,-1,-1,-1,236791.6415,100.104229,241479,-13.250962
0.2,98.3,0.2,1.7,0.2,0.1,30,0.1,12.6,12.6,2014.705326,0,2019.091149,2395.521308,2001.309497,2011.82587,0,0,0,0,8,3,9,6,1,1,-1,-1,-1,-1,242172.1196,124.4050096,241533.6,-3.261231
0.2,60.1,0.2,54.8,0.1,0.1,4.9,0.1,12.6,12.6,2012.211254,2025.215946,2016.427654,0,2003.056248,2040.095791,0,0,0,0,8,3,9,6,3,1,-1,-1,-1,-1,237251.2451,121.7548172,243483,32.939805
0.2,50.5,0.2,100,0.1,0.1,0.1,0.1,12.6,12.6,2014.670574,1342.372237,2010.984058,1008.190702,1566.109211,2034.263464,0,0,0,0,8,3,9,3,3,1,-1,-1,-1,-1,240759.3618,95.1577434,248241,0
0.2,33,50.4,99.9,0.1,0.1,0.1,0.1,12.6,12.6,2019.744134,0,2016.586478,1994.990256,2019.083273,0,2160.802887,0,0,0,8,3,9,3,3,1,2,-1,-1,-1,250334.8431,101.7457044,232026.9,182.2563405
0.2,0.5,7.9,11.9,0.1,0.1,24.8,0.1,33.1,8.5,0,2001.143827,0,0,2007.219614,2612.188458,0,0,0,0,8,6,9,3,8,8,2,-1,-1,-1,223956.3941,38.9179822,230181.6,188.475171
0.2,0.2,0.2,0.4,0.1,0.1,49.9,0.1,16.9,0.1,2009.46412,2004.468683,0,0,2008.687051,0,0,0,0,0,6,6,-1,-1,8,8,-1,-1,-1,-1,233343.4531,39.7367905,232479.9,54.455638
0.2,48,0.2,0.2,0.1,0.1,28.6,0.1,12.6,0.1,2017.450118,0,2018.827219,0,2009.189267,0,0,0,0,0,6,6,1,-1,8,-1,-1,-1,-1,-1,232017.117,80.0820171,233259.3,26.49025
0.2,98.1,0.2,0.2,0.1,0.1,3.4,0.1,12.6,0.1,0,1996.904703,2002.392766,0,2017.222874,0,0,0,0,0,6,1,1,-1,8,-1,-1,-1,-1,-1,232468.4204,91.6253909,236569.5,26.153767
0.2,97.2,0.2,0.2,0.1,0.1,0.1,22,12.6,0.1,2008.337551,2018.286596,2012.217221,0,2006.689728,0,0,0,0,0,1,1,7,-1,8,-1,-1,-1,-1,-1,237083.5341,90.3354799,235543.5,0
0.2,24.6,0.2,0.2,0.1,0.1,0.1,54,25.3,0.1,2377.509049,0,1988.298555,2022.266288,2040.110896,0,0,0,0,0,7,1,7,8,8,-1,-1,-1,-1,-1,235851.6979,95.5662333,232107.6,129.04443
0.2,0.2,0.2,0.2,24.1,0.1,0.1,33.8,20.7,0.1,0,2027.209841,2017.262055,2011.694251,0,0,0,0,0,0,7,4,7,8,8,-1,-1,-1,-1,-1,233784.7074,59.1149652,231024.6,580.2485385
0.2,0.2,0.2,0.2,49.9,0.1,0.1,25.2,1.1,0.1,2002.13787,2019.14526,2006.836505,0,0,0,0,0,0,0,4,4,7,8,-1,-1,-1,-1,-1,-1,233372.1141,47.228817,236421,12.41502
0.2,0.2,0.2,0.2,50.6,0.1,0.1,54.9,0.1,0.1,2006.9485,1997.241085,1989.379486,2369.286315,0,0,0,0,0,0,4,4,7,7,-1,-1,-1,-1,-1,-1,244829.5918,152.3873971,230958.3,0
0.2,0.3,0.2,0.2,27,0.1,0.1,32.3,12.5,0.1,0,2017.112786,2022.222837,0,2017.225002,0,0,0,0,0,4,4,7,7,8,-1,-1,-1,-1,-1,236652.2243,149.5723511,232575.9,33.5018735
48.3,0.2,0.2,0.2,25.2,0.1,0.1,3.2,12.6,0.1,2012.047581,2017.239599,0,0,2011.703887,0,0,0,0,0,0,4,7,-1,8,-1,-1,-1,-1,-1,226502.8226,144.3415977,236304,325.591853
50.3,0.2,0.2,0.2,22.4,0.1,0.1,24.9,12.6,0.1,2014.094126,0,2012.184829,0,2022.014257,0,0,0,0,0,0,4,7,-1,8,-1,-1,-1,-1,-1,236154.1251,151.0419724,232791.3,265.442165
3,0.2,0.2,52.3,0.1,0.1,0.1,25.2,12.6,0.1,0,2225.328342,2009.245372,0,2019.712218,0,0,0,0,0,0,3,7,-1,8,-1,-1,-1,-1,-1,232513.315,190.351457,229209.9,6.746817
0.2,48.7,0.2,11.9,0.1,0.1,0.1,3,12.6,0.1,2008.491434,0,0,0,2009.679708,0,0,0,0,0,1,3,7,-1,8,-1,-1,-1,-1,-1,227382.3871,127.3901823,234554.4,40.418581
48.6,50.2,0.2,0.2,0.1,0.1,0.1,0.1,11,0.1,2018.719002,2021.949799,0,0,0,0,0,0,0,0,1,0,-1,-1,8,-1,-1,-1,-1,-1,231587.3747,126.2565417,234816.6,259.82593
50.3,23,49.4,0.2,0.1,0.1,0.1,0.1,0.1,0.1,0,2016.265595,1996.272535,0,0,0,0,0,0,0,1,0,2,-1,-1,-1,-1,-1,-1,-1,228626.8642,134.3402579,227863.2,133.397912
1.4,1.4,1.3,1.4,7.4,1.1,1.1,1.1,1,1,2027.455402,0,0,0,0,0,0,0,0,0,4,-1,-1,-1,-1,-1,-1,-1,-1,-1,221278.316,0,229308.6,0
0.2,96.5,0.2,0.2,0.7,0.1,0.1,0.1,0.1,0.1,1978.104986,2001.549353,0,0,0,0,0,0,0,0,1,1,-1,-1,-1,-1,-1,-1,-1,-1,228524.895,0,230805.9,0
47.9,26.4,0.2,0.2,0.1,0.1,0.1,0.1,11.6,0.1,2002.282085,0,2010.399026,0,0,0,0,0,0,0,8,1,0,-1,-1,-1,-1,-1,-1,-1,228649.1249,0,238507.2,132.016142
50.4,48.9,0.2,44.7,0.1,0.1,0.1,0.1,1.1,0.1,2004.513868,1998.962841,2006.876685,0,0,0,0,0,0,0,3,1,0,-1,-1,-1,-1,-1,-1,-1,238996.4119,0,230827.2,0
6,3.2,0.2,1.8,0.1,22.6,24.2,0.1,0.5,18.6,2012.41865,2022.340162,0,3521.017928,0,0,0,0,0,0,6,5,0,9,-1,-1,-1,-1,-1,-1,230687.0161,33.0040355,237096.6,23.218866
48.5,83.1,0.2,0.2,0.1,1.2,1.1,0.1,0.1,4.6,1976.115566,2016.045574,2014.692756,0,0,0,0,0,0,0,1,1,0,9,-1,-1,-1,-1,-1,-1,238982.1114,26.4032284,236142,60.984376
50.4,5,0.2,0.2,21.9,21.9,0.1,0.1,0.1,12.6,2017.25645,2032.756337,2007.610264,2014.680189,0,0,0,0,0,0,4,5,0,9,-1,-1,-1,-1,-1,-1,236608.2196,31.0470016,254790.6,0
97.9,0.2,0.2,92.8,25.2,30.2,12.3,0.1,0.1,3.3,2009.274096,2007.013336,1979.527659,2017.349846,1970.815206,2007.628005,2696.969392,0,0,0,4,3,0,6,0,3,5,-1,-1,-1,256924.9653,43.2438768,249444.6,0
99.8,43,20.9,5.1,2.7,8.1,4.6,0.1,11.3,18.3,0,1997.042516,1924.660473,2021.763491,2821.255443,2014.933625,0,1989.673004,0,0,4,1,0,2,9,8,5,0,-1,-1,251430.9572,43.2438768,254614.2,940.9816075
52.5,3.1,50.2,92.1,24.6,22.8,0.1,0.1,0.6,4.8,1999.428768,1963.712494,1997.275592,2035.639828,0,2014.340942,0,1990.687872,0,0,4,3,0,2,9,5,-1,3,-1,-1,249720.8336,16.8406484,246910.5,362.812176
50.4,0.2,46.1,4.7,24.8,24,0.1,0.1,24.3,4.5,0,2018.294095,2026.624223,2019.708588,2019.937501,2007.435371,0,2230.276015,0,0,4,5,0,9,8,8,-1,2,-1,-1,245548.9178,205.0369699,248103,295.96744
11.4,48,2.9,43.8,0.1,29.8,0.1,22.9,13,12.6,2007.481813,1986.62455,0,2022.230444,2011.819098,2004.269615,0,2550.877785,0,0,1,3,0,9,8,7,-1,5,-1,-1,245786.9994,272.9556319,245311.8,54.012915
14.9,26.9,0.2,86.7,23.8,9.4,0.1,1.1,0.5,20.8,2028.643371,2013.114767,3504.427863,2004.567478,1996.550845,2016.596106,0,0,0,0,0,4,9,1,3,3,-1,5,-1,-1,256810.4104,319.9522447,251146.5,977.298549
63.4,12.5,0.2,51.6,50.1,29.9,0.1,0.1,0.1,4.4,1997.397229,2012.915864,0,2015.074851,2004.356051,1993.504077,2355.413995,0,0,0,4,4,9,0,0,3,5,-1,-1,-1,251181.5881,330.7548277,236408.1,50.759323
89.7,0.2,10.5,6.9,25.4,7,0.1,0.1,0.1,0.1,2017.301051,0,1350.179738,2034.891773,1094.24811,0,0,1230.58712,0,0,4,4,0,2,0,3,5,0,-1,-1,240785.1925,526.2145375,255142.2,1413.909443
98.9,48.8,50.2,44.1,25.2,0.1,0.1,0.1,0.1,0.1,2014.245592,1998.956766,2001.106376,2029.280381,1996.199498,0,0,1988.40887,0,0,4,1,0,2,3,-1,-1,0,-1,-1,256119.2023,348.1700806,246897,0
42.3,3.2,35.8,98.7,25.2,0.1,0.1,0.1,0.1,4.4,2022.116866,1481.964576,0,2017.195339,1232.323089,1409.11971,0,2009.471441,0,0,4,3,0,9,3,3,-1,2,-1,-1,247127.2541,558.3895341,253636.2,228.304746
78.8,35.7,47,56.6,25.2,0.1,0.1,0.1,0.1,2.4,2009.296451,2028.859813,1514.659277,2018.40427,1354.277436,2024.019824,2097.171964,1259.515728,0,0,4,1,0,2,0,2,3,0,-1,-1,262968.5275,499.1960461,256470.6,0
59.1,68.2,32,8.2,34.7,0.1,0.1,20.3,9.3,9.9,1992.701023,1996.825933,2006.673136,2006.654553,2017.417521,2014.14491,0,2019.687449,2534.164053,0,1,1,0,9,8,7,3,2,4,-1,261008.6408,534.0544123,259546.5,30.080826
59.9,53.4,50.4,0.2,6.4,45,0.1,1,12.6,25.2,1989.134439,2027.641677,0,1919.079695,2022.323929,2015.332839,2012.09318,2026.64849,0,2006.714624,1,5,0,9,8,5,0,2,4,9,256716.1616,338.5947025,264058.8,51.6582965
53.6,6.9,97,44.4,17.9,59,20.2,0.1,3.1,3.1,2017.280078,1994.151515,2254.871073,2022.323424,0,1996.430051,2015.201025,1987.523276,1980.075164,2022.182234,4,5,0,5,8,3,5,2,2,6,268457.1126,334.4590031,266217.9,1548.036234
64.7,0.2,60.9,93.1,25.2,51.3,25.2,0.1,0.1,0.1,2022.333055,2003.428637,0,2027.640906,2230.500268,1991.475224,2008.03933,2044.743798,0,2012.348596,4,3,0,5,0,3,5,2,2,6,263495.3988,62.0087737,253207.5,53.613534
61.6,0.3,50.5,5.8,47.9,32.6,5.5,0.1,12.5,0.1,2022.379861,2017.366914,2022.300738,2029.575573,0,0,0,2038.043478,2015.006784,0,4,4,0,5,0,3,5,2,8,6,248912.2344,371.6160205,259261.2,497.2577528
97.5,0.2,43.1,92.4,26.4,4.2,0.1,0.1,12.3,9.4,2012.279895,1998.263875,1987.578079,2017.067045,2010.513023,1999.534974,0,0,0,0,4,3,0,9,0,3,-1,2,8,-1,249585.6262,336.6777781,262976.1,723.202897
99.9,44.8,42.9,52,25.3,21.5,0.1,0.1,0.1,18.6,2011.927932,2019.297692,1913.863403,2017.53447,3470.586678,2009.785064,2000.031941,1979.893094,0,0,4,1,0,5,9,2,3,0,-1,-1,263287.891,436.1293287,257926.2,0
54.2,50.3,98.1,3,25.2,23.4,0.1,0.1,0.1,16.6,2022.247903,2006.874843,2018.822042,2019.710964,0,1254.986545,2007.383348,984.2323631,1179.897908,0,4,1,0,9,9,2,5,2,2,-1,257241.7718,574.7537429,257153.4,352.392967
92.3,4.3,5.6,0.2,30.8,49.2,9.8,22.2,12.4,12.6,2013.334398,2017.328714,1805.271777,2017.199649,2006.923516,2017.183484,2028.438152,1962.909249,2334.139005,0,6,5,0,9,8,7,5,0,4,-1,263783.879,564.4220836,263965.8,0
53.9,43,49.8,82.8,42.2,2.5,26.2,1.1,0.4,2.6,1999.317767,1994.014954,2027.104931,1994.377785,1480.817092,1501.387497,1217.924436,2109.483431,0,2012.361247,4,1,0,4,3,3,3,2,4,6,265734.2777,325.2934302,253865.4,384.158746
44.9,5.9,88.5,8.4,28.7,44.7,20.8,0.1,0.1,0.1,2009.261641,2015.256434,0,1656.256855,2058.420845,1417.150985,2014.411748,0,1334.654405,1986.408783,4,5,0,2,0,2,6,2,2,5,260936.0318,314.5707234,256285.5,465.826116
46.7,71.3,13.6,0.2,20.3,25.9,24.1,18,11.6,4.8,1959.472731,2012.471961,1989.798653,2017.206788,2017.434043,2017.120479,2049.39998,0,1949.242376,2014.328259,1,5,1,9,8,7,0,-1,4,6,261563.8701,291.950922,254571.3,0
58.8,19.7,87.9,0.2,7.5,26.9,25.2,1.1,0.4,12.6,2014.730741,0,1990.361229,2012.225693,1899.82075,1561.80287,2022.795909,1364.051005,1129.144089,2009.311484,4,5,0,9,0,2,5,2,2,6,262537.4914,240.4755658,256975.2,3030.275295
58.4,43.7,14.6,75.4,25.6,1.1,3.5,0.1,6.9,24.2,2022.37889,1960.428258,2019.516282,2037.521865,2006.837818,2009.565353,1995.042626,2017.941615,2004.391284,0,4,3,0,9,9,3,1,0,8,6,262315.6383,240.4755658,268305,616.373666
55.6,94.7,52.2,52.5,25.4,0.1,29.7,0.1,0.6,25.2,2000.047313,2004.539137,2040.564421,2037.106806,2009.664196,1986.093506,1983.539123,2024.276225,2009.535273,2329.845208,4,1,0,9,9,3,1,2,2,6,267650.6811,776.0520314,260712,0
50.9,8.3,100,3.3,53.5,22.3,27.2,0.1,0.1,15.5,1982.643917,1861.88749,2017.6366,2017.194281,0,2017.546775,2009.188171,2004.540801,2013.0063,0,4,4,0,9,9,5,6,2,2,6,263950.9451,899.3267646,263200.2,785.278204
50.7,0.2,8.4,49.1,26.8,68.4,48.1,0.1,0.1,19,2022.363591,2217.760186,2011.535403,2045.930432,2743.899929,2013.01511,2031.870845,2005.668659,0,2560.413432,4,3,0,5,9,5,5,6,2,6,265227.9646,822.4950154,263145,1192.594201
50.6,0.2,84.5,91,29.7,4.5,26.1,0.1,12.2,3.8,2019.800033,0,2014.082301,2016.384907,0,2011.439264,2000.078166,2017.240394,1980.703113,2638.272914,8,3,0,2,9,3,3,6,2,4,263144.6861,886.385433,266298.6,496.205302
90.8,21.7,11.7,98.8,14.5,22.8,54.2,0.1,16,0.1,2017.314278,1981.737873,0,2003.075374,2018.404614,1978.950777,2017.821718,1977.8965,2853.72228,2364.65561,4,3,0,1,0,3,5,6,8,6,267472.6077,1124.904273,256896.6,567.319361
96.6,8.6,59.6,27.8,25.7,25,11.5,0.1,0.3,8.9,2017.333984,0,2002.053566,2014.138256,2014.029679,0,2009.501826,2042.693728,2002.008425,0,4,3,0,9,0,3,5,2,2,6,254204.3661,618.0902746,256234.8,1160.923056
100,0.2,19.5,97.1,25.6,0.6,20.9,0.1,0.1,12.6,2005.833629,1695.973491,2003.209087,2019.659958,0,1103.995438,1162.31309,2050.35464,0,2007.757891,4,3,0,9,0,3,3,6,2,0,256050.9616,608.2794136,267052.2,366.467882
55.8,41.6,61.5,99,25.4,0.1,48.1,0.1,0.1,2.3,2022.318655,1985.149976,2006.997831,2038.724146,1989.117731,2003.417285,1993.086026,2007.338687,0,2014.253653,4,1,0,2,3,2,3,6,-1,6,270431.4554,840.4640248,264042,0
50.8,5.2,100,70.2,6.3,22.4,60.2,0.1,0.1,0.1,2020.527707,2014.487924,2041.163499,2031.84683,2018.840076,0,0,2009.76571,2010.284113,2002.29998,6,5,0,2,3,2,3,6,2,6,265407.296,756.7019604,257238.6,1929.930477
50.6,0.3,57.8,52.7,0.1,32.8,56.5,0.1,0.1,0.1,2027.379171,2015.097254,2030.230407,2017.52374,0,2023.819972,0,2003.596448,2030.715128,0,6,5,0,5,3,3,-1,6,2,6,260618.4401,518.1831202,250059,178.642559
50.9,0.2,8.6,50.2,20.6,29.7,27.2,0.1,12.5,0.1,2018.645529,0,2008.61202,2009.385019,2014.940631,2005.625951,0,2009.315788,0,0,4,5,0,5,8,3,-1,6,2,-1,248602.6588,804.9281551,240376.2,335.2289725
5,0.2,34.2,55.4,25.2,5.8,4,0.1,12.5,0.1,2017.211558,2132.521095,0,2004.322329,0,0,0,2001.469467,0,0,4,3,0,2,8,3,-1,2,-1,-1,241695.9208,727.1927947,243759,103.8235297
59.5,49.8,51.9,1.8,6.1,0.1,0.1,0.1,0.1,5.5,2004.150729,2118.05588,1989.865076,2017.369101,0,0,0,2037.677291,0,0,0,1,0,9,-1,-1,-1,2,-1,-1,247903.5811,562.053978,258464.7,0
100,2.4,98.8,96.9,0.1,20.9,0.1,0.1,0.1,0.9,2009.854781,2005.610353,0,2037.900019,2003.235321,2000.191931,1036.775959,1140.668343,1337.735572,0,0,3,0,5,0,3,2,2,2,-1,258049.053,509.5251075,261654.3,218.160293
57.4,47.2,100,4.2,6.3,25.1,0.1,29.3,11.7,7.2,2016.834099,2209.089984,2075.595154,2017.540045,2019.741505,2009.272893,2614.631413,2023.819655,2020.816996,0,4,1,0,5,9,8,7,2,2,-1,270518.5005,509.5251075,271945.8,0
51.1,3.6,100,90.7,25.2,54.1,24.7,0.8,0.5,12.6,2027.437347,2212.023982,2023.58454,2022.021646,2009.011714,2006.654142,1996.255169,2026.758695,2025.11379,2017.309772,4,5,0,5,9,3,3,2,2,6,271489.0533,167.1710708,252305.7,0
12.6,0.2,100,19.5,25.2,22.8,5.7,22.6,11.9,6.1,2014.29219,0,0,2017.191184,2006.876671,2008.902105,0,2010.276946,2017.105791,2014.511694,4,5,0,9,8,7,3,2,2,5,246529.4363,131.442559,251787.9,673.2228383
78.5,0.2,13.6,93.5,3.8,25.3,14.3,1,6.8,0.5,1421.498146,2019.423431,730.3520745,2026.333535,988.6206059,2018.92746,0,995.0941368,2014.911506,2017.355266,0,3,0,5,0,3,-1,0,8,6,254259.9566,64.39676453,266176.5,0
78.9,46.3,91.3,50.6,0.1,25.1,25.2,0.1,0.1,9.9,2000.365043,1980.823463,1971.180966,2022.5802,2019.647887,2017.274487,2018.428031,2133.078796,2007.326061,2017.329233,1,1,0,5,9,2,3,0,2,6,273717.6158,178.2766263,267335.7,0
100,95.1,68.4,50.4,0.1,5.3,25.2,0.1,0.1,9.2,1984.098249,0,2003.839572,1993.226445,0,0,1994.88666,2005.052305,2022.561043,2014.334648,1,1,0,1,9,2,3,0,2,6,261181.1987,178.2766263,260748.6,1192.032611
100,53.2,6.8,54.4,0.1,33.2,25.2,0.1,8.2,6.3,2011.491427,2027.218738,1194.463545,2013.848097,1014.044981,1992.839201,2013.449682,1064.539995,2011.887871,2022.354435,1,5,0,9,0,3,5,0,8,6,263284.6246,134.6445677,261555,0
55.8,4.1,19.7,58.8,22.6,50.4,25.2,0.1,12.6,12.6,2017.334484,2017.525146,1989.677595,2014.137364,0,1995.419729,2004.297654,2011.313569,2009.343823,2017.353929,4,5,3,9,0,3,5,2,8,6,261688.5339,373.0510899,262988.1,267.427399
1.2,89.2,67.5,61.1,25.2,26.3,25.2,0.1,2.9,1.8,2016.747035,2010.321997,2007.446956,2017.35319,1976.297231,0,2017.522548,2023.672514,1998.10118,0,4,1,3,6,1,3,5,2,2,6,262930.9108,373.0510899,264362.1,362.9327645
12.1,53.4,54.2,53.1,13.7,25.1,59,0.1,0.1,18,2008.686803,1989.039687,2001.606882,2019.689358,2821.543295,2125.561066,2022.572805,2009.50597,2017.252128,2020.310158,6,1,0,6,9,3,5,2,4,6,270763.5243,291.8920021,257291.4,0
63,18.4,11.7,24.8,25.3,47,51.5,0.1,0.1,4.5,2002.371075,0,1970.412228,2027.641657,0,0,2009.461117,2016.385085,2017.533095,2027.448748,6,1,0,5,9,3,5,0,4,6,252355.01,364.478555,251935.2,288.075611
59.7,0.2,12.6,47,5.6,50.4,5.2,0.1,11.2,12.5,2011.833,2003.000936,1989.088558,2010.680074,2017.260385,0,2007.613743,1724.546308,1941.048795,0,8,3,0,5,9,-1,5,2,2,6,260657.3813,364.478555,254050.5,22.710374
13,52,95.1,9.4,0.1,24.9,0.1,30,12.1,6.3,2008.87066,1490.046233,1993.744162,2019.642653,2017.410806,2649.569308,0,1312.283979,1304.811179,0,1,2,1,9,8,7,5,2,2,-1,249658.6238,183.6871549,250157.7,529.040916
56,38.5,53,49,0.1,0.2,0.1,3.8,0.4,12.6,983.9735733,1997.830266,1004.085178,2017.088839,994.0672293,0,1995.027309,994.7281013,2020.792905,0,0,1,0,9,0,7,3,0,2,-1,254780.7981,188.2292297,258878.1,-83.479234
87.2,50.5,98.3,34.4,4.4,0.1,0.1,0.1,0.1,19.8,2009.231658,1986.880351,2067.651802,2017.198162,2017.282502,2011.581024,0,2000.310698,2023.154253,0,4,1,0,9,9,2,3,0,2,-1,257234.1604,240.5519331,260326.2,198.069039
100,12.7,53.2,88.7,25.2,0.1,0.1,0.1,0.1,25.3,2017.267236,1231.881023,2002.531519,2027.314857,2011.672564,1441.904991,1226.806561,1997.723527,2003.076081,0,4,3,0,9,9,3,3,0,2,-1,258798.1056,151.2695334,258684.9,0
100,8.9,50.3,58.4,25.2,0.1,0.1,0.1,19,13,2012.034708,2001.145619,1431.01781,2017.18989,2004.919181,2014.906798,2006.732863,1212.428908,2028.247797,1409.204744,4,1,0,9,8,8,3,0,2,0,265149.9395,190.8833412,267314.4,0
54.8,87.4,91.7,3.9,25.2,0.1,44.1,0.1,25.4,0.9,2017.285718,1990.16043,2026.807806,2003.468792,2012.268649,2007.402421,2003.82111,2032.877402,0,2006.952083,4,1,0,1,8,8,6,2,2,6,266059.5132,133.268219,251709.3,2074.994436
96.5,21.6,9.2,0.4,36.4,25.5,26.2,0.1,6.1,3.4,2007.64904,2019.582244,1998.629174,2011.591489,0,0,2017.347859,2007.775192,2006.018308,2032.733774,4,5,0,9,8,8,6,4,0,5,261313.3723,128.7261442,260720.7,933.590476
56.4,0.2,68.6,61.5,50.5,6.6,22.7,0.1,0.1,5.4,2022.313105,1977.665564,2019.364511,2016.519571,2149.128631,1991.213303,0,1997.421865,2020.044431,1999.291552,4,3,9,2,0,3,6,4,2,6,266782.7351,437.9168482,258218.1,311.38897
23.9,30.9,58.6,23.9,44.5,24.5,25.3,0.1,0.1,18.3,0,1973.960113,2001.666433,2017.198482,0,0,2027.517655,2017.328532,2006.635348,2014.304175,4,1,9,9,0,3,5,4,2,6,258857.4254,641.3307902,251644.8,2348.83966
90.4,47.5,3.5,0.2,13.6,36.6,30.2,0.1,0.1,2.4,1453.823807,2012.319404,1356.079064,1996.902069,899.4470675,0,2032.762709,2007.493305,2012.191195,0,0,4,0,1,0,-1,5,5,6,6,255133.5502,663.9947764,253773.3,966.977557
79,10.7,90.1,42.4,5.2,6.5,24,0.1,0.1,0.1,2022.082907,1981.654265,2023.387731,1007.472974,0,1042.300515,2003.618417,982.4573793,1021.421434,0,6,3,0,2,0,2,3,2,2,-1,256135.8565,1133.762708,255675,167.871622
50.7,19.7,91.6,75.8,22.6,8,1.2,0.1,0.1,0.1,2009.284178,1971.355604,2021.634645,1977.210375,1993.943818,1994.961627,2017.08226,2002.324833,2013.538802,0,4,1,0,1,3,3,5,2,2,-1,270833.0624,1327.15822,271498.2,0
50.7,57.2,53.8,100,25.2,25,24.8,0.1,11.5,4.5,2024.975012,1992.372216,2022.343381,2019.719328,1999.146168,1999.087516,2017.420674,2012.573663,2014.875276,2022.393398,4,1,0,9,3,3,5,2,8,6,271574.782,945.733657,263535.3,0
50.5,50.4,50.4,53.2,2.6,25.1,25.2,0.1,12.6,12.6,0,1987.714839,2019.491125,2017.195412,0,0,2022.543264,2021.559208,2017.413263,2022.46102,4,1,0,9,3,3,5,2,8,6,254848.4509,759.0155618,249822,406.86234
50.6,6.4,50.3,0.4,0.1,25.3,27.5,0.1,8.9,25.1,2017.280199,2021.150753,2027.515851,2045.244099,2011.737117,0,2017.405895,2017.908407,0,0,6,5,0,9,9,-1,8,2,8,6,253578.511,696.7377678,250611.9,617.441933
39.5,17.4,52.7,18.5,20.8,6.4,23.1,0.1,3.2,25.2,2007.218392,2013.030443,0,2019.630651,2014.086131,2199.430585,2003.625142,2014.341715,0,0,4,3,0,9,9,2,1,6,-1,-1,250954.3275,308.3423038,251421.6,2028.882177
88.2,8.8,3,5.5,25.2,18.9,25.2,28.7,0.1,12.9,2022.343669,2032.706346,1173.223347,2017.0776,1492.183656,2326.688417,1397.213217,2012.333556,0,0,4,5,0,9,0,7,0,6,-1,-1,252694.9761,238.435179,258864.6,0
58.3,0.2,46.1,62.2,25.2,19.2,0.8,0.7,27.7,12.6,2017.325494,2025.649288,2639.843865,2017.143724,2028.173407,1855.427134,2017.059074,2021.871701,2004.918206,0,4,3,8,9,0,3,5,2,8,-1,262235.5517,610.63729,254092.8,0
22,0.2,72.6,70.1,25.2,6.3,29.7,0.1,6.6,2.2,2016.19114,2006.352652,0,995.6230488,0,0,1001.761476,992.7477711,1007.903988,2627.211836,4,3,8,2,0,3,2,2,2,6,247169.5315,610.63729,247640.4,493.4080283
20.9,0.2,56.1,50.2,50.1,3.8,10.4,0.1,0.1,0.1,2022.37748,2028.003352,2016.893507,2017.350528,0,0,2004.447069,2012.285043,2045.288422,0,4,3,4,6,-1,-1,5,0,2,6,257677.6271,610.63729,255633,4.72421
97.2,0.2,34.3,50.2,26.1,25.1,25.3,0.1,0.1,0.1,2027.440491,1990.587471,1425.245926,2014.334672,1190.864593,0,2032.763903,1262.648959,0,0,4,3,0,6,0,-1,5,0,2,-1,250216.2384,627.9464277,251248.8,495.588855
100,39.5,0.3,50.3,1.5,2,25.2,0.1,12.5,0.1,0,1996.116921,1611.524895,2012.295593,1236.537026,2007.063781,1998.946775,1084.404554,0,0,4,3,0,6,0,8,1,0,-1,-1,252807.4319,505.4028831,253132.2,294.432654
54.3,12.6,43.8,50.2,24.6,23.7,3.9,0.1,12.6,0.1,2022.302004,1986.513243,0,2002.540939,0,2014.904799,2022.09846,2022.45488,0,0,4,3,0,5,0,8,5,2,-1,-1,249921.297,198.7442187,244978.8,306.809209
48.2,16.9,50.1,8.6,6.3,50.4,0.1,0.1,0.2,0.1,2005.283079,2013.606088,2011.709292,2017.504181,0,0,2017.671152,1996.115144,0,0,1,1,0,5,-1,8,5,2,-1,-1,253706.0982,257.6307495,242167.2,-18.011732
96.3,20.2,3.5,0.2,3.7,30.4,20.3,0.1,0.1,0.1,2017.508643,2011.849269,1310.565275,2022.329487,1132.955041,0,2022.567315,1593.43713,0,0,4,5,0,6,0,-1,5,0,-1,-1,247716.0499,318.9925913,254750.1,0
57.3,15.3,87.9,39.7,6.4,26.9,1.1,0.1,0.1,14.1,2006.41237,2021.990094,2018.483452,1448.228906,3449.50963,1507.259639,2001.637033,1363.111861,0,0,1,5,0,2,9,2,3,2,-1,-1,259130.0659,216.7086392,258148.5,0
51.7,12.7,56.7,50.2,24.4,25.1,10.2,0.1,7.1,12.1,2017.289502,1999.166228,2018.594887,2012.128025,0,2014.903435,2033.088242,2113.964597,2012.20092,0,6,5,0,9,9,8,3,2,4,-1,259839.5006,215.7637972,262735.8,428.445522
96.8,0.2,50.3,50.2,33.5,25.1,6.5,0.1,12.6,12.6,2022.331788,2012.509063,1988.081617,2017.193861,2000.699215,2009.656447,1984.839919,2021.0264,2010.224725,0,4,5,0,9,0,8,3,2,4,-1,261283.8655,116.6460262,260497.5,0
100,0.2,87.8,5,27.1,25.1,24.7,0.1,5.7,12.6,2014.285526,2022.576149,2002.376935,2017.147023,2003.250024,0,2007.69669,2012.244911,0,2014.335156,4,5,0,9,0,8,2,2,4,6,261161.239,143.4485998,257630.4,212.3962415
38.8,27.8,100,0.2,4.4,25.1,25.2,25,0.1,16.4,1982.800246,2015.213699,0,2016.99811,2017.174556,2017.11896,1448.056156,1254.789679,912.5897131,2012.302494,1,5,0,9,9,7,2,2,2,6,255692.1791,82.086758,253392,201.06428
62.5,14.5,14.9,27.5,7.6,30.2,25.2,25.7,0.1,14.7,2015.858212,0,1102.240629,2011.481144,1420.780759,2008.277855,2032.676853,1539.389078,2328.391398,2014.335025,4,5,0,9,0,3,5,0,7,6,259054.5152,128.1683527,255730.8,5063.039042
32,48.4,65.7,12.9,25.2,3.7,39.9,0.6,0,12.6,2014.323416,2007.403894,0,2019.656904,2003.206822,1544.398225,2022.407418,1685.714891,1204.174477,2012.336436,4,1,0,9,3,2,6,2,2,6,262245.5475,168.3812087,253174.2,55.119802
86.6,3.2,15.3,10.7,49.6,15.6,27.1,0.1,14.3,3.2,2012.32687,2017.080307,1993.575779,0,2024.785059,26.96272989,2016.206212,1999.426121,0,0,4,4,0,9,0,3,5,3,8,6,250616.7462,1180.989017,256902,5067.593222
100,0.2,39.4,91,19.6,1.7,0.2,0.1,8.6,12.6,2014.907368,0,2015.418697,2014.621659,2024.41287,1979.940533,1991.245332,2032.797775,0,0,8,4,0,9,0,3,3,2,-1,-1,255818.6713,1106.323873,263517,491.940753
100,50.9,50.2,100,0.1,0.1,0.1,0.1,12.6,12.6,2009.304278,2129.027174,1990.990351,2017.247345,2009.371326,1987.448087,2015.104964,2008.87529,0,0,8,1,0,9,0,3,3,2,-1,-1,256998.7414,2119.842518,256971.9,0
100,18.4,97.8,54.4,12.1,6.4,0.1,0.1,2.6,1.2,2017.32368,0,1953.608053,0,1989.340687,2090.252648,2022.565563,2023.53988,2028.055368,0,4,1,0,9,0,3,5,2,2,-1,258592.4103,2175.75142,257693.4,48.555637
55,47.7,6.7,50.4,45,25,0.1,22,2.1,0.1,2012.275028,1997.631197,2019.42316,0,2011.809775,2020.971721,2022.579272,1999.334311,2014.139818,0,4,1,0,-1,8,3,5,4,7,-1,258001.8444,2135.538564,265332.6,0
51.3,50.2,43.4,50.4,50.6,25,0.1,1.1,2.9,19.8,2017.339041,1991.556872,1765.16268,2017.510091,2014.668559,2000.423079,2017.49848,2012.293746,2020.763783,0,4,1,0,9,9,3,5,4,2,-1,260502.8148,1132.641883,249875.1,0
0.8,12.7,55.1,9.7,49.9,25,29.8,0.1,0.1,12.7,2012.287264,0,0,1984.593738,2017.156578,1719.606689,2022.505004,1379.458465,1220.6715,2321.03033,4,1,0,4,9,2,5,2,2,6,254903.6681,1121.617922,251648.7,19.045981
29,0.2,64.2,64.8,26.6,3.9,4.7,0.1,0.1,24.3,2022.32277,1975.802835,0,2014.682583,1955.508789,1992.048184,2042.352461,2031.312101,0,0,4,3,-1,9,9,3,0,2,2,6,254006.1644,108.099278,252964.8,360.3581985
61.4,0.2,50.3,65.3,25.2,3.7,21.2,0.1,0.1,2.6,2012.181963,0,1919.404553,2021.651078,2022.392641,2008.509925,2032.723588,2019.749634,0,0,4,3,0,6,0,3,5,2,-1,-1,257819.8801,13.5203236,259593,26.169344
67.4,51.7,50.3,50.2,12,25,1.1,0.1,0.1,11.8,0,2120.346907,0,2014.538229,2060.024981,1998.515704,2027.584529,2019.836457,0,0,4,1,0,9,0,3,5,2,-1,-1,250873.3375,85.5919633,244582.8,1459.53605
