1.3,41.7,27,1.2,14.4,7.2,8.6,24.4,2.7,1.1,2015.696209,0,0,0,0,0,0,0,0,0,6,-1,-1,-1,-1,-1,-1,-1,-1,-1,"[1, 0, 0, 1]","[(1, 0), (2, 1), (3, 2)]",221356.8,0
0.3,0.2,0.3,0.2,23.1,0.1,1.1,0.2,0.1,0.1,2009.483699,0,0,0,0,0,0,0,0,0,4,-1,-1,-1,-1,-1,-1,-1,-1,-1,"[1, 0, 0, 1]","[(1, 0), (2, 1), (3, 2)]",224162.1,0
47.8,0.2,0.3,0.3,1,0.1,0.1,0.1,0.1,0.1,1998.001956,0,0,0,0,0,0,0,0,0,0,-1,-1,-1,-1,-1,-1,-1,-1,-1,"[1, 0, 0, 1]","[(1, 0), (2, 1), (3, 2)]",224395.8,0
50.4,0.2,0.2,0.2,0.1,0.1,0.2,0.2,0.1,0.1,1994.465169,0,0,0,0,0,0,0,0,0,0,-1,-1,-1,-1,-1,-1,-1,-1,-1,"[1, 0, 0, 1]","[(1, 0), (2, 1), (3, 2)]",224676.3,0
2.7,0.3,0.2,0.2,0.1,0.1,0.2,0.1,18.8,12,2017.710987,2815.014129,0,0,0,0,0,0,0,0,9,8,-1,-1,-1,-1,-1,-1,-1,-1,"[1, 0, 0, 1, 0, 0, 1, 2, 1]","[(1, 0), (5, 4), (6, 4), (2, 1), (7, 5), (8, 6), (3, 2)]",232884.6,0
49,0.2,0.2,46.4,0.1,0.1,0.1,0.1,6.3,0.4,1987.533038,0,2017.299146,0,0,0,0,0,0,0,3,8,0,-1,-1,-1,-1,-1,-1,-1,"[1, 0, 0, 1, 0, 0, 1, 2, 1, 1, 0, 0, 1]","[(1, 0), (5, 4), (6, 4), (10, 9), (2, 1), (7, 5), (8, 6), (11, 10), (3, 2), (12, 11)]",240662.1,91.904666
2.8,52.8,0.2,44.8,0.1,0.1,49,0.1,0.1,0.1,0,2109.60811,1997.332912,2012.369547,0,0,0,0,0,0,3,1,6,6,-1,-1,-1,-1,-1,-1,"[1, 0, 0, 1, 0, 1, 2, 1, 1, 0, 0, 1]","[(1, 0), (6, 4), (7, 5), (9, 8), (2, 1), (10, 9), (3, 2), (11, 10)]",227865.9,1466.136014
0.3,1.9,0.2,0.2,0.1,0.1,26.2,0.1,31.4,0.1,2697.580378,0,1999.343035,2021.420614,0,0,0,0,0,0,8,7,8,6,-1,-1,-1,-1,-1,-1,"[0, 0, 1, 0, 1, 2, 1, 1, 0, 0, 1]","[(1, 0), (5, 3), (6, 4), (8, 7), (2, 1), (9, 8), (10, 9)]",240106.2,-63760417845
47.4,48.6,0.2,0.2,0.1,24.1,1,0.1,0.5,18.4,3556.086291,2004.244281,1996.00556,2017.792439,0,0,0,0,0,0,9,1,0,5,-1,-1,-1,-1,-1,-1,"[0, 0, 1, 1, 2, 1, 1, 0, 0, 1]","[(1, 0), (5, 3), (7, 6), (2, 1), (8, 7), (9, 8)]",240037.2,0
3.5,3,45.8,46.6,0.1,0.7,0.1,24.5,18.3,0.3,2799.919908,2018.102557,1994.085455,2012.282126,0,0,0,0,0,0,8,2,3,7,-1,-1,-1,-1,-1,-1,"[0, 0, 1, 1, 2, 1, 1, 0, 0, 1]","[(1, 0), (5, 3), (7, 6), (2, 1), (8, 7), (9, 8)]",241470.3,0
0.2,0.2,8.9,44.9,0.1,0.1,24.7,54.2,9.2,0.1,2188.507136,2016.854964,0,1997.375222,2012.253429,0,0,0,0,0,7,8,3,7,6,-1,-1,-1,-1,-1,"[0, 0, 1, 1, 2, 1, 1, 0, 0, 1, 1, 0, 0, 1]","[(1, 0), (5, 3), (7, 6), (11, 10), (2, 1), (8, 7), (12, 11), (9, 8), (13, 12)]",247032,1466.929685
46.4,0.2,37.9,0.2,0.1,0.1,30.1,1.5,32,29.8,2834.601316,2022.320523,2328.992233,2002.516932,2007.162981,1996.864624,2800.914215,0,0,0,8,2,6,9,8,0,9,-1,-1,-1,"[0, 0, 1, 1, 2, 1, 0, 0, 1, 1, 0, 0, 1, 1, 0, 0, 1, 0, 0, 1, 2, 1]","[(1, 0), (5, 3), (7, 6), (10, 9), (14, 13), (18, 17), (19, 17), (2, 1), (8, 7), (11, 10), (15, 14), (20, 18), (21, 19), (12, 11), (16, 15)]",236851.8,0
50.4,0.2,9.1,0.2,0.1,0.1,8.3,0.1,19.8,26.9,0,2014.928234,0,2012.68556,2016.806388,2003.452674,0,0,0,0,8,9,6,9,8,0,9,-1,-1,-1,"[0, 0, 1, 1, 2, 1, 0, 0, 1, 1, 0, 0, 1, 1, 0, 0, 1, 0, 0, 1, 2, 1]","[(1, 0), (5, 3), (7, 6), (10, 9), (14, 13), (18, 17), (19, 17), (2, 1), (8, 7), (11, 10), (15, 14), (20, 18), (21, 19), (12, 11), (16, 15)]",254299.8,476.9615257
54.1,0.2,45.6,94.7,29,0.1,19.9,0.2,0.7,4.6,0,2017.323569,1055.94031,0,1773.861891,2015.919704,2128.708959,1668.81079,0,0,4,6,3,9,3,2,0,3,-1,-1,"[0, 1, 1, 2, 1, 0, 1, 1, 0, 0, 1, 1, 0, 0, 1, 0, 1, 2, 1]","[(1, 0), (4, 2), (6, 5), (8, 7), (12, 11), (17, 15), (18, 16), (9, 8), (13, 12), (10, 9), (14, 13)]",255804,615.570182
3.8,49.1,48.3,5,52.7,23.3,1.6,23.4,24,0.1,2014.442736,2011.833623,2179.415908,2024.795355,2022.288544,2009.240093,2475.115163,2012.50303,0,0,2,8,1,5,7,8,4,4,-1,-1,"[1, 2, 1, 0, 1, 1, 0, 0, 1, 1, 0, 0, 1, 0, 1, 2, 1]","[(4, 3), (6, 5), (10, 9), (15, 13), (16, 14), (7, 6), (11, 10), (8, 7), (12, 11)]",253494.6,0
0.3,3.5,49.7,0.2,25.5,21.7,0.1,54.5,58.2,0.1,0,2001.827052,0,0,1992.423739,2004.35687,2527.275393,0,2509.8109,2549.783498,2,8,1,5,7,8,8,4,8,7,"[1, 2, 1, 0, 1, 1, 0, 0, 1, 1, 0, 0, 1, 0, 1, 2, 1, 0, 1, 2, 1, 0, 0, 1, 2, 1]","[(4, 3), (6, 5), (10, 9), (15, 13), (16, 14), (18, 17), (19, 17), (22, 21), (23, 21), (7, 6), (11, 10), (20, 18), (20, 19), (24, 22), (25, 23), (8, 7), (12, 11)]",250152,360.0770275
45.2,0.3,0.3,48.1,22.8,22.1,0.1,30.4,8.6,12.2,1992.788044,2017.256548,2014.963258,0,2012.430635,2004.657676,0,0,2085.120958,0,0,7,9,-1,4,5,8,-1,3,7,"[2, 1, 1, 0, 0, 1, 1, 0, 0, 1, 0, 2, 1, 0, 1, 2, 1, 0, 0, 1, 2, 1]","[(3, 2), (7, 6), (11, 10), (14, 13), (15, 13), (18, 17), (19, 17), (4, 3), (8, 7), (16, 14), (16, 15), (20, 18), (21, 19), (5, 4), (9, 8)]",260763.6,375.2466895
3.7,0.3,93.7,54.6,45.9,0.9,48.7,2.3,0.1,24.6,2014.938916,2008.2773,2009.901521,2004.17469,2013.295371,2004.520969,2093.54814,1973.208772,0,2002.180265,9,4,9,6,2,2,3,6,3,4,"[2, 1, 1, 0, 0, 1, 1, 0, 0, 1, 2, 1, 0, 1, 2, 1, 0, 1, 2, 1, 1, 0, 0, 1]","[(3, 2), (7, 6), (13, 12), (14, 12), (18, 16), (19, 17), (21, 20), (4, 3), (8, 7), (15, 13), (15, 14), (22, 21), (5, 4), (9, 8), (23, 22)]",254766.9,299.072216
0.3,44.5,8.5,1.6,72.9,46.9,26.4,0.1,0.1,14.5,2006.910844,2028.46121,0,2017.203955,2007.387537,2013.249265,0,1997.460512,2013.424135,2014.949043,9,4,9,6,4,5,3,4,1,5,"[2, 1, 1, 0, 0, 1, 1, 0, 0, 1, 2, 1, 1, 1, 0, 1, 2, 1, 1, 0, 0, 1]","[(3, 2), (7, 6), (13, 12), (16, 14), (17, 15), (19, 18), (4, 3), (8, 7), (20, 19), (5, 4), (9, 8), (21, 20)]",267774.3,3.964356
65.7,4.5,90.3,45.2,27.9,68.4,6.4,0.2,11.9,0.5,2005.026732,2004.452745,2016.790747,1978.254714,2022.764994,0,2024.534312,2004.655118,2002.393593,0,2,4,8,0,5,5,0,2,3,5,"[2, 1, 1, 0, 0, 1, 1, 0, 0, 1, 2, 1, 2, 1, 1, 2, 1, 1, 0, 0, 1]","[(3, 2), (7, 6), (13, 11), (13, 12), (16, 14), (18, 17), (4, 3), (8, 7), (19, 18), (5, 4), (9, 8), (20, 19)]",267486.3,1161.243447
100,0.2,100,79.6,25.3,21.7,0.1,30.2,1.8,0.1,1142.026271,2007.470655,2016.964855,1982.44691,0,2639.62685,2018.102796,1320.414073,0,1254.582234,2,4,3,0,5,7,0,2,3,2,"[2, 1, 1, 0, 0, 1, 0, 0, 1, 2, 1, 2, 1, 1, 2, 1, 0, 0, 1]","[(3, 2), (7, 6), (12, 10), (12, 11), (15, 13), (17, 16), (4, 3), (8, 7), (18, 17), (5, 4)]",260316.6,1448.770024
61.7,0.2,38.5,9.5,42.6,29.2,29.6,17.7,30.8,0.1,2016.915353,2012.488908,2017.287123,2017.498423,2385.85298,3387.45241,2007.19681,0,2480.165909,0,8,4,7,4,6,8,0,2,5,2,"[2, 1, 0, 0, 1, 0, 0, 1, 2, 2, 1, 1, 2, 1, 0, 0, 1, 0, 1, 2, 1]","[(3, 2), (6, 5), (10, 9), (13, 11), (15, 14), (18, 17), (19, 17), (4, 3), (7, 6), (16, 15), (20, 18), (20, 19)]",254177.7,406.7240395
50.5,30.2,51,0.3,30.2,1.1,31.4,6.4,6.7,12.6,2007.332041,0,2013.949572,2022.973977,0,0,2017.304563,2017.442759,0,2138.863175,6,4,1,4,6,8,0,9,5,2,"[2, 1, 0, 0, 1, 0, 0, 1, 2, 2, 1, 2, 1, 0, 1, 0, 1, 2, 1]","[(3, 2), (6, 5), (10, 9), (14, 13), (16, 15), (17, 15), (4, 3), (7, 6), (18, 16), (18, 17)]",266769,719.5853875
50.5,50.5,98.2,0.3,4.9,23.8,79.3,0.1,9.7,0.4,1999.264039,2067.971761,2022.329315,2016.854015,2176.867289,1978.696033,1998.743008,2012.639432,1988.252189,0,6,6,1,8,6,2,0,5,2,2,"[1, 0, 1, 0, 1, 2, 2, 1, 2, 1, 0, 1, 1, 2, 1]","[(2, 1), (4, 3), (7, 6), (11, 10), (14, 12), (14, 13)]",266469.6,-12.376696
50.5,50.5,94.4,38.4,0.2,19.7,13.7,54.1,1.6,0.1,0,0,2005.848285,2023.567234,2368.173071,0,1986.193957,0,2024.501652,1997.376565,6,6,1,3,7,2,0,5,2,7,"[1, 0, 1, 0, 1, 2, 2, 1, 2, 1, 1, 1, 2, 1]","[(2, 1), (4, 3), (7, 6), (13, 11), (13, 12)]",257878.2,526.7007935
22.8,97.9,98.2,54.5,0.2,0.1,0.2,1.5,20.7,0.1,2016.622304,2014.406033,2008.806205,2014.389552,2188.992198,0,0,0,1990.78743,2024.432888,1,2,1,8,3,-1,0,-1,2,8,"[1, 0, 1, 2, 2, 1, 2, 1, 2, 1, 1, 0, 0, 1]","[(2, 1), (5, 4), (9, 8), (11, 10), (12, 11), (13, 12)]",248758.5,126.333116
0.4,97.7,95,7,0.2,0.1,0.1,0.2,14.9,10.4,0,0,2017.301552,2019.906567,0,0,0,0,2021.882549,2019.333873,1,2,1,9,3,-1,-1,-1,2,8,"[1, 0, 1, 2, 2, 1, 1, 2, 1, 1, 0, 0, 1]","[(2, 1), (5, 4), (8, 7), (10, 9), (11, 10), (12, 11)]",252320.7,390.097348
37.3,80.3,50.4,0.4,0.1,29.8,0.1,24.8,3.4,2,2009.188231,2181.426137,0,1996.355911,2274.155964,0,0,0,2012.550391,0,7,1,1,0,5,-1,-1,-1,2,8,"[1, 2, 2, 1, 1, 2, 1, 0, 0, 1, 0, 0, 1, 2, 1]","[(3, 2), (6, 5), (8, 7), (11, 10), (12, 10), (9, 8), (13, 11), (14, 12)]",238823.1,722.0758295
98,3.8,2.4,0.2,0.1,0.4,23.8,25.2,0.1,0.1,2009.197715,0,1983.517457,1962.751687,0,0,0,0,2009.269088,0,7,1,0,0,5,-1,-1,-1,6,-1,"[1, 2, 1, 2, 1, 0, 0, 1, 0, 0, 1, 2, 1]","[(4, 3), (6, 5), (9, 8), (10, 8), (7, 6), (11, 9), (12, 10)]",253053,-3.7706975
5.1,46.5,92.4,0.2,0.1,0.1,0.9,49.1,18.2,12.4,2014.739228,2018.277019,1987.42835,2022.284936,3487.980451,2009.034168,0,0,2014.82056,0,1,2,2,7,8,7,-1,-1,9,-1,"[1, 2, 1, 2, 1, 0, 1, 0, 1, 2, 1]","[(4, 3), (6, 5), (9, 7), (10, 8)]",249432.9,0
0.3,46.2,5.1,82.5,23.4,0.1,0.1,29.9,15.5,1.9,0,1996.618376,2014.375102,2006.284967,0,2027.367265,0,0,1985.480947,0,1,3,4,8,8,7,-1,-1,3,-1,"[1, 2, 1, 2, 1, 0, 1, 0, 1, 2, 1]","[(4, 3), (6, 5), (9, 7), (10, 8)]",238476,329.3039995
0.3,45.9,0.3,56,1.4,0.1,0.2,4.6,25.2,0.1,2009.340455,0,2007.058108,2039.749033,0,0,0,0,2008.603733,0,8,3,1,8,-1,7,-1,-1,3,-1,"[2, 1, 2, 1, 0, 1, 1, 2, 1]","[(3, 2), (5, 4), (8, 6)]",246222.6,178.163713
0.3,95.6,0.2,52.1,0.1,22.1,0.2,0.1,25.3,0.1,2014.339714,2010.555079,0,1996.338671,2002.852616,0,0,0,2022.71653,0,8,1,1,8,3,-1,-1,-1,5,-1,"[2, 1, 2, 1, 1, 2, 1]","[(3, 2)]",241852.8,1181.330229
0.2,3.3,46.2,41.7,0.1,18.8,0.2,23.9,15.6,0.1,2008.736951,2017.987027,0,2019.367044,0,0,0,0,2012.273325,0,5,2,-1,8,3,-1,-1,-1,7,-1,"[2, 2, 1, 1, 2, 1]","[(2, 1)]",247230,246.500109
0.3,0.2,2.6,52.7,0.1,25.2,0.1,49.3,25.3,12.6,2014.456548,1984.587916,2012.417855,2011.610054,2190.977231,2001.295115,0,0,2010.957036,0,5,7,9,8,3,8,-1,-1,7,-1,"[2, 2, 1, 1, 2, 1, 0, 0, 1, 0, 1, 2, 1, 1, 0, 0, 1]","[(2, 1), (6, 5), (10, 9), (11, 9), (14, 13), (7, 6), (12, 10), (12, 11), (15, 14), (8, 7), (16, 15)]",241717.2,0
0.3,0.2,45.2,1.8,0.1,25.2,0.1,26.5,25.4,12.6,2009.363981,2026.315292,2014.935145,2032.063466,0,2019.249052,0,0,2017.254601,0,5,2,9,8,3,8,-1,-1,7,-1,"[2, 2, 1, 1, 2, 1, 0, 0, 1, 0, 1, 2, 1, 1, 0, 0, 1]","[(2, 1), (6, 5), (10, 9), (11, 9), (14, 13), (7, 6), (12, 10), (12, 11), (15, 14), (8, 7), (16, 15)]",248781.3,-8.305833
0.2,0.2,3.3,0.2,21.6,44.6,62.7,4.5,14,13.2,1992.833541,2017.352819,2009.283344,1973.332491,2008.859538,2017.539302,1987.25728,0,2014.669132,0,5,9,6,6,8,4,6,-1,5,-1,"[2, 2, 1, 1, 2, 1, 0, 0, 1, 1, 2, 1, 1, 0, 0, 1]","[(2, 1), (6, 5), (11, 9), (11, 10), (13, 12), (7, 6), (14, 13), (8, 7), (15, 14)]",247439.1,0
0.2,0.2,0.2,0.2,24.8,7.8,76.4,22.6,33.9,0.4,2016.825946,2019.051127,2002.703375,1997.223617,2016.787951,1993.089311,2011.331849,0,2004.253144,0,8,4,6,6,8,6,8,-1,7,-1,"[2, 2, 1, 1, 2, 1, 0, 0, 1, 1, 2, 1, 1, 0, 0, 1]","[(2, 1), (6, 5), (11, 9), (11, 10), (13, 12), (7, 6), (14, 13), (8, 7), (15, 14)]",254456.4,0
44.1,0.2,87.3,31.5,23,0.1,30.2,5.4,4.2,10.1,2014.937066,1246.024741,2009.376725,2017.293457,1418.937506,1418.880053,2013.196962,0,2003.300573,0,9,2,4,6,2,2,0,-1,3,-1,"[2, 2, 1, 1, 2, 1, 0, 0, 1, 1, 2, 1, 1, 0, 0, 1]","[(2, 1), (6, 5), (11, 9), (11, 10), (13, 12), (7, 6), (14, 13), (8, 7), (15, 14)]",256536.6,0
50.3,0.2,100,50.3,23.5,0.1,25.2,0.1,0.1,12.6,2019.930193,1115.031347,0,2014.227819,1462.917526,1321.209222,2015.646047,0,2021.866169,0,9,2,4,6,2,2,0,-1,3,-1,"[2, 2, 1, 1, 2, 1, 0, 0, 1, 1, 2, 1, 1, 0, 0, 1]","[(2, 1), (6, 5), (11, 9), (11, 10), (13, 12), (7, 6), (14, 13), (8, 7), (15, 14)]",259237.2,878.477073
9.5,0.2,100,50.3,0.1,0.1,69.2,24.3,0.1,18.8,2014.269324,1188.509521,3427.323384,2005.839311,1613.329424,1212.102256,1989.385705,2043.304863,2003.994978,0,7,2,9,6,2,2,6,6,3,-1,"[2, 2, 1, 1, 2, 0, 0, 1, 1, 2, 1, 1, 0, 0, 1, 1, 0, 0, 1]","[(2, 1), (6, 5), (10, 8), (10, 9), (12, 11), (16, 15), (7, 6), (13, 12), (17, 16), (14, 13), (18, 17)]",251936.1,0
40.2,0.2,6.5,5.8,0.1,23.1,75.8,54.3,0.1,0.2,1990.548402,0,2409.391017,2012.230222,2014.696864,0,2007.209318,1992.118168,2015.070477,0,7,5,7,6,5,7,6,6,0,-1,"[2, 2, 1, 1, 2, 0, 0, 1, 1, 2, 1, 1, 0, 0, 1, 1, 0, 0, 1]","[(2, 1), (6, 5), (10, 8), (10, 9), (12, 11), (16, 15), (7, 6), (13, 12), (17, 16), (14, 13), (18, 17)]",258889.2,-63760427416
96.2,32.4,0.2,0.2,0.1,20.4,60.8,31.4,0.1,18.7,2009.222425,1998.628572,0,2017.90081,0,2029.495739,1978.477841,0,1976.96785,3471.98696,7,0,7,1,5,6,6,6,0,9,"[2, 2, 1, 2, 0, 0, 1, 1, 2, 1, 0, 0, 1, 1, 0, 0, 1, 1, 0, 0, 1, 0, 0, 1, 2, 1]","[(2, 1), (5, 4), (9, 7), (9, 8), (11, 10), (14, 13), (18, 17), (22, 21), (23, 21), (6, 5), (12, 11), (15, 14), (19, 18), (24, 22), (25, 23), (16, 15), (20, 19)]",266870.7,409.9426793
53.3,97.8,0.2,50.7,28.7,23.1,26.3,25.2,0.1,12.7,2030.328761,1095.394694,958.0462586,1562.809863,0,2017.793918,2022.325423,2022.490643,2004.680888,2072.95456,7,1,1,1,4,5,6,9,0,3,"[2, 2, 1, 2, 0, 1, 2, 1, 0, 0, 1, 0, 0, 1, 1, 0, 0, 1, 0, 0, 1, 2, 1, 1, 0, 0, 1]","[(2, 1), (5, 4), (7, 6), (9, 8), (12, 11), (15, 14), (19, 18), (20, 18), (24, 23), (10, 9), (13, 12), (16, 15), (21, 19), (22, 20), (25, 24), (17, 16), (26, 25)]",259790.7,294.765759
11.4,77.2,0.2,52.7,0.1,49.3,25.2,25.2,0.1,22.1,2008.276184,0,2280.794911,2000.562298,2186.629401,0,2017.333959,2006.158543,2009.926531,0,7,1,5,1,3,5,6,9,9,3,"[2, 2, 1, 2, 0, 1, 2, 1, 0, 0, 1, 0, 1, 1, 0, 0, 1, 0, 0, 1, 2, 1, 1, 0, 0, 1]","[(2, 1), (5, 4), (7, 6), (9, 8), (12, 11), (14, 13), (18, 17), (19, 17), (23, 22), (10, 9), (15, 14), (20, 18), (21, 19), (24, 23), (16, 15), (25, 24)]",253099.5,427.1901267
57.8,8.8,94.7,1.3,29.2,1.5,4.1,25.5,0.1,13.7,2010.323701,1946.420017,0,1998.417526,0,1991.400105,2019.30448,0,2009.290847,0,0,2,5,0,3,2,7,9,9,4,"[2, 2, 1, 2, 0, 1, 2, 1, 0, 1, 0, 1, 0, 0, 1, 0, 2, 1, 0, 0, 1]","[(2, 1), (5, 4), (7, 6), (9, 8), (11, 10), (13, 12), (16, 15), (18, 17), (14, 13), (19, 18), (20, 19)]",260697,141.4816278
100,0.2,100,42.3,0.1,0.1,24.7,25.2,0.1,13.3,1997.538815,0,2019.607457,1971.815416,2022.403573,0,2017.285276,2017.487771,2005.980983,2011.91151,0,2,2,0,6,2,7,2,3,9,"[2, 2, 1, 2, 1, 2, 1, 0, 1, 1, 0, 0, 1, 1, 2, 1]","[(2, 1), (6, 5), (8, 7), (11, 10), (15, 13), (12, 11)]",263480.7,-6.8032795
25.5,22.8,100,98.7,13.5,19.8,24.9,4.1,0.1,12.6,2018.948544,1977.84094,1762.322182,2014.474062,0,1259.863291,2017.466465,1285.443702,1958.384773,2017.441919,1,3,2,4,6,2,5,2,3,9,"[2, 2, 1, 2, 1, 2, 1, 1, 1, 0, 1, 1, 2, 1]","[(2, 1), (6, 5), (10, 9), (13, 11)]",261661.2,296.412421
0.2,50.5,12.5,92.2,25.3,25.2,30.2,0.2,30.1,12.6,2017.1318,0,0,2015.483254,2350.309981,3092.989184,2009.618516,1990.159366,2005.906627,2019.957857,1,3,2,4,6,8,5,8,3,9,"[2, 2, 1, 2, 1, 2, 1, 1, 0, 1, 1, 2, 1, 0, 0, 1]","[(2, 1), (6, 5), (9, 8), (12, 10), (14, 13), (15, 14)]",257041.8,144.374758
0.3,4.5,38.1,9.8,22.5,66.3,29.7,23.8,14.5,14.4,2025.308009,2319.061592,2082.997359,2031.901211,0,2117.470631,2019.377461,2017.586194,2019.842315,2009.431918,6,7,5,5,6,5,8,9,2,4,"[2, 2, 1, 2, 2, 1, 0, 1, 1, 2, 1, 0, 0, 1, 0, 0, 1, 2, 1, 0, 0, 1, 2, 1]","[(2, 1), (5, 4), (7, 6), (10, 8), (12, 11), (15, 14), (16, 14), (20, 19), (21, 19), (13, 12), (17, 15), (18, 16), (22, 20), (23, 21)]",261719.7,45.689876
0.3,79.6,88.4,48.7,25.2,4.1,5.4,1.9,20.7,12.6,1176.518435,2021.117623,1983.181862,1552.367194,1062.374889,0,2011.829555,2014.56447,2006.839535,2007.50731,1,2,2,1,1,3,8,9,8,4,"[2, 2, 1, 2, 2, 1, 0, 1, 1, 2, 1, 0, 1, 0, 0, 1, 2, 1, 0, 0, 1, 2, 1]","[(2, 1), (5, 4), (7, 6), (10, 8), (12, 11), (14, 13), (15, 13), (19, 18), (20, 18), (16, 14), (17, 15), (21, 19), (22, 20)]",252771.6,1196.475957
0.2,58.5,3.9,0.2,31.9,0.1,23.1,18.3,43.8,29,2007.440136,2900.410965,2681.999778,2017.735348,2535.621262,2009.341772,2014.65607,0,2021.425366,2012.271339,9,8,9,1,4,8,6,9,8,7,"[2, 2, 1, 2, 2, 1, 1, 1, 2, 1, 0, 1, 0, 0, 1, 2, 1, 0, 0, 1, 2, 1]","[(2, 1), (5, 4), (9, 7), (11, 10), (13, 12), (14, 12), (18, 17), (19, 17), (15, 13), (16, 14), (20, 18), (21, 19)]",253376.4,597.878284
46.2,50.5,0.2,0.2,2.3,0.1,25.2,25.2,50.2,16.2,2017.426442,0,0,2012.965371,2947.468455,2032.058347,2022.316977,2006.130101,2034.579675,2022.330168,9,8,9,1,8,8,6,0,8,7,"[2, 2, 1, 2, 2, 1, 1, 2, 1, 0, 1, 0, 0, 1, 2, 1, 0, 0, 1, 2, 1]","[(2, 1), (5, 4), (10, 9), (12, 11), (13, 11), (17, 16), (18, 16), (14, 12), (15, 13), (19, 17), (20, 18)]",266857.2,664.080632
80.8,9.6,44.5,44.7,22.7,0.1,70,5.3,13.4,12.6,2019.700231,1973.136206,2010.280693,1981.823879,2168.983768,2010.683404,1977.750115,2024.888375,2014.143721,1999.540498,9,0,2,6,6,3,6,4,8,0,"[2, 2, 1, 2, 2, 1, 1, 2, 1, 0, 1, 0, 1, 2, 1]","[(2, 1), (5, 4), (10, 9), (13, 11), (14, 12)]",267486.6,0
72.6,0.2,89.3,41.6,46.8,0.1,51.2,0.1,2.9,12.6,2017.441612,0,0,1997.370502,2144.965003,0,2017.31859,2018.001228,1968.442594,1992.584713,9,0,2,6,4,3,6,2,4,0,"[2, 2, 1, 2, 2, 1, 1, 2, 1, 0, 1, 0, 1, 2, 1]","[(2, 1), (5, 4), (10, 9), (13, 11), (14, 12)]",255099.6,307.4788877
13.2,0.2,48.9,90.6,6.9,0.1,29.7,0.1,27.9,24.6,2022.491523,2019.748173,2012.425816,2021.90345,0,1961.081302,2019.194283,1967.200729,2016.853216,2014.365353,9,2,9,6,4,3,8,3,8,8,"[2, 2, 1, 2, 2, 1, 2, 1, 0, 1, 2, 1, 0, 2]","[(2, 1), (5, 4), (9, 8), (13, 12)]",256020,1198.792434
0.2,0.2,90.5,95.8,0.1,0.1,25.8,0.1,37.9,13,2017.433656,2001.460323,2022.563728,2004.801544,2009.526382,0,2014.340938,0,2005.753229,2011.891039,9,2,6,2,3,3,8,3,8,8,"[2, 2, 1, 2, 2, 1, 2, 1, 1, 2, 1, 0, 2]","[(2, 1), (5, 4), (12, 11)]",264487.5,600.1778405
74.7,33.4,91.5,3.8,34.2,17.6,25.2,0.1,8.7,12.4,2007.40804,2011.899616,2010.401329,2017.432664,1962.541604,2006.123289,2019.516542,2014.663835,2002.738154,2007.609813,1,9,6,2,0,2,4,5,4,0,"[2, 2, 1, 2, 2, 1, 2, 1, 2, 1, 1, 2, 1]","[(2, 1), (5, 4), (12, 10)]",268827,0
55.3,48.4,54.3,82.3,28.4,25.2,22.8,0.1,0.1,12.7,1987.732365,2014.931374,0,2013.778734,1962.336124,2020.800738,2022.360527,2017.683332,2027.630855,1992.74994,3,9,6,1,3,2,6,5,4,0,"[2, 2, 1, 2, 2, 1, 2, 1, 2, 1, 1, 2, 1]","[(2, 1), (5, 4), (12, 10)]",264072.9,293.463218
50.3,41.3,6,96.2,42.3,2.1,30.8,18.9,0.1,13.8,1984.646503,2007.465318,2327.593547,2009.229023,0,0,1996.366302,2014.942836,2007.524516,1987.625739,3,4,6,7,3,2,1,9,4,0,"[2, 2, 1, 2, 2, 1, 2, 1, 2, 1, 2, 1, 0, 1, 2, 1]","[(2, 1), (5, 4), (11, 9), (13, 12), (14, 12), (15, 13), (15, 14)]",266650.2,445.621556
50.4,52.7,0.2,50.3,30,37.5,37,25.2,0.1,12.6,1987.835634,1997.74889,0,2017.23485,2008.657828,2027.444202,2008.977856,2017.444123,1999.485171,1992.772106,3,5,6,7,1,6,5,9,4,0,"[2, 2, 1, 2, 2, 1, 2, 2, 2, 1, 0, 1, 2, 1, 1, 0, 0, 1]","[(2, 1), (5, 4), (11, 10), (12, 10), (15, 14), (13, 11), (13, 12), (16, 15), (17, 16)]",269736.3,106.368056
50.4,49,0.1,50.3,49.6,29.6,25.2,44.2,0.1,12.7,2012.180139,2012.53124,2009.487702,2002.31796,0,2009.218305,2009.233932,2017.444539,2048.170344,2010.698888,3,5,4,7,1,6,7,9,4,0,"[2, 2, 1, 2, 2, 1, 2, 2, 2, 1, 1, 1, 1, 0, 0, 1]","[(2, 1), (5, 4), (11, 10), (13, 12), (14, 13), (15, 14)]",264353.4,291.335299
50.5,0.2,46.6,50.4,47.2,19.7,21.3,30,12.1,2.3,1994.287724,2014.286817,0,2009.266323,2014.379869,0,2009.644485,2016.04784,2022.314815,1996.587198,3,2,4,7,8,6,5,4,6,0,"[2, 2, 1, 2, 2, 1, 2, 2, 2, 1, 2, 1, 1, 0, 0, 1]","[(2, 1), (5, 4), (11, 9), (11, 10), (13, 12), (14, 13), (15, 14)]",259013.7,143.5931465
31.6,0.1,72.5,42.6,25.2,24.8,3.3,25.2,3.3,28.1,2012.429659,1994.493393,2094.568889,2032.478298,1154.925028,3399.542584,1363.576801,2032.729446,2012.608251,1319.34735,9,9,3,7,2,9,2,4,5,2,"[2, 2, 1, 2, 2, 1, 2, 2, 2, 2, 1, 0, 0, 1, 0, 0, 1, 2, 1]","[(2, 1), (5, 4), (10, 9), (12, 11), (15, 14), (16, 14), (13, 12), (17, 15), (18, 16)]",253008,0
0.2,0.2,59.6,43.9,25.2,1.4,0.1,49.3,0.1,37.2,2017.443177,2020.857336,0,2007.251421,1995.901083,0,1896.706123,2018.074842,2017.295168,2022.2507,9,9,3,7,3,9,3,4,7,2,"[2, 2, 1, 2, 2, 1, 2, 2, 2, 2, 1, 0, 0, 1, 0, 0, 1, 2, 1]","[(2, 1), (5, 4), (10, 9), (12, 11), (15, 14), (16, 14), (13, 12), (17, 15), (18, 16)]",261470.7,128.5907635
0.2,0.1,96.1,100,25.2,0.1,21.5,7.9,18.5,25.7,2012.414004,2009.275958,1991.190035,0,2001.131744,2805.656384,1988.546181,2009.492955,2014.93172,1989.348281,9,6,2,7,3,8,3,4,9,2,"[2, 2, 1, 2, 2, 1, 2, 2, 2, 2, 1, 0, 1, 0, 2]","[(2, 1), (5, 4), (10, 9), (12, 11), (14, 13)]",252998.4,5751.10134
0.2,0.1,12.6,100,25.2,0.1,25.2,19.5,17.8,25.3,2014.934648,2017.305678,0,2019.312166,1999.059448,0,1981.235942,2019.52383,2017.386911,2014.274593,9,6,2,8,3,8,3,4,9,7,"[2, 1, 2, 2, 1, 2, 2, 2, 2, 1, 0, 1, 0, 1, 2, 1]","[(1, 0), (4, 3), (9, 8), (11, 10), (14, 12), (15, 13)]",263068.5,47.715233
33,69.6,0.1,100,5,22.1,6.1,21,12.6,25.9,2004.05238,1997.181301,2012.001683,2016.786741,1996.108943,1892.447082,1996.450615,2017.285839,1910.21436,2017.642727,1,0,9,8,3,1,3,7,9,5,"[2, 1, 2, 2, 1, 2, 2, 2, 2, 1, 1, 1, 2, 1]","[(1, 0), (4, 3), (9, 8), (13, 11)]",266753.4,0
4.6,100,45.1,100,0.1,25.2,0.1,25.2,12.7,25.2,2018.970868,2016.84828,2006.275225,2007.39873,1985.66081,2013.751966,1999.410655,2004.216865,2034.781295,2006.204136,1,8,2,9,3,1,3,7,9,5,"[2, 1, 2, 2, 1, 2, 2, 2, 2, 1, 1, 1, 2, 1]","[(1, 0), (4, 3), (9, 8), (13, 11)]",265429.5,0
34.8,35.8,78,58.4,0.2,25.2,8.2,20.7,12.9,25.4,2007.247721,2012.600762,0,2009.924215,2026.211027,1973.218525,2004.896364,2019.273381,1937.711463,2007.67973,6,2,2,9,7,0,3,8,9,5,"[2, 1, 2, 2, 1, 2, 2, 2, 2, 1, 1, 1, 2, 1]","[(1, 0), (4, 3), (9, 8), (13, 11)]",256052.4,571.63812
11.9,0.1,50.7,0.2,17.9,41.3,48.8,24.5,3,24.2,2017.30962,2018.213227,2014.936225,2019.827523,2012.622923,2019.573423,0,2017.204827,0,2002.706803,6,2,9,6,5,4,3,7,9,5,"[2, 1, 2, 2, 1, 2, 2, 2, 2, 1, 1, 2, 1, 1, 0, 0, 1]","[(1, 0), (4, 3), (9, 8), (12, 10), (14, 13), (15, 14), (16, 15)]",258585.9,5532.723972
37,0.2,9.6,71.2,25.2,28.6,8.1,23.7,12.1,32.7,2017.309882,1998.516061,2017.228512,2008.821479,2022.733643,1999.555355,2019.894141,2014.935571,1996.538091,1977.249771,7,3,9,8,5,4,9,9,0,3,"[1, 2, 1, 2, 2, 2, 2, 1, 1, 2, 1, 1, 0, 0, 1]","[(7, 6), (10, 8), (12, 11), (13, 12), (14, 13)]",259832.1,0
50.3,0.2,44.2,100,1.4,4.6,0.1,25.3,22.9,28.4,2027.007844,1980.322531,0,2016.166753,2006.709956,2014.935011,2020.022138,2026.322138,2001.815331,1997.832262,7,3,9,8,8,9,9,2,0,3,"[1, 2, 1, 2, 2, 2, 2, 1, 1, 2, 1, 1, 0, 0, 1]","[(7, 6), (10, 8), (12, 11), (13, 12), (14, 13)]",264072,46.200115
16.8,69.4,6.2,100,42,0.1,18.1,47.2,3.7,3.9,2007.279957,1996.600626,1953.959513,2007.494495,2016.788104,2018.455117,2025.145532,2014.254134,0,1986.827264,7,3,1,4,6,1,4,7,0,3,"[1, 2, 1, 2, 2, 2, 2, 1, 1, 2, 1, 0, 0, 1]","[(7, 6), (10, 8), (12, 11), (13, 12)]",269272.2,82.872653
33.7,8.6,43.4,54.2,50.6,22.8,28.2,50.6,0.1,17.9,2012.244848,2007.569608,2785.800056,2002.54444,1994.920779,2012.627885,2007.571386,2017.276753,2017.314226,2003.231416,7,2,9,4,0,5,4,7,6,3,"[1, 2, 2, 2, 2, 2, 1, 1, 2, 1, 0, 0, 1, 1, 0, 0, 1]","[(6, 5), (9, 7), (11, 10), (14, 13), (12, 11), (15, 14), (16, 15)]",256691.7,0
44.8,74.6,50.7,6,2.9,19.1,8.2,31.5,0.1,11.3,2019.922904,2009.159748,0,0,2009.615753,1900.864326,0,2018.08891,1994.957824,2012.074515,9,2,9,4,5,1,4,1,0,7,"[1, 2, 2, 2, 2, 2, 1, 1, 2, 1, 0, 0, 1, 1, 0, 0, 1]","[(6, 5), (9, 7), (11, 10), (14, 13), (12, 11), (15, 14), (16, 15)]",264388.8,612.7430867
50.5,59.4,9.9,0.3,17.5,4.8,56.9,62.3,0.1,16.9,2008.336545,2021.335192,1996.684379,2780.954768,2017.183704,2016.492568,2023.178904,2009.250018,1992.797863,2011.300969,7,4,6,9,7,1,6,6,0,7,"[2, 2, 2, 2, 2, 1, 2, 1, 0, 1, 1, 0, 0, 1, 1, 0, 0, 1]","[(5, 4), (9, 8), (11, 10), (15, 14), (12, 11), (16, 15), (13, 12), (17, 16)]",260009.4,0
5.7,10.9,37.8,44.2,18.4,17.4,95.8,14.9,7.7,5.9,2014.487378,1994.741912,1994.096645,0,2014.663352,2004.929719,2011.080739,2014.968251,2020.369596,2019.32343,4,6,3,9,5,2,6,6,6,8,"[2, 2, 2, 2, 2, 1, 2, 1, 0, 1, 1, 0, 0, 1, 1, 0, 0, 1]","[(5, 4), (9, 8), (11, 10), (15, 14), (12, 11), (16, 15), (13, 12), (17, 16)]",259260.6,72.446056
23.7,0.2,93,5,25.2,4.3,63.8,25,21.7,0.1,2018.550666,2012.626227,2003.843816,2027.400144,2006.324342,2006.424895,0,2006.239461,2022.326009,2004.322053,4,6,2,7,8,2,6,0,6,8,"[2, 2, 2, 2, 2, 1, 2, 1, 1, 1, 0, 0, 1, 1, 0, 0, 1]","[(5, 4), (10, 9), (14, 13), (11, 10), (15, 14), (12, 11), (16, 15)]",254289.9,108.257208
11,35.3,7,45,5.2,0.1,38,25.3,25.6,30.9,1995.866347,2001.313319,2012.646584,2012.151641,2002.464246,2013.956081,2794.948235,2009.930088,0,2009.342635,1,8,3,7,9,6,9,9,6,8,"[2, 2, 2, 2, 2, 1, 2, 1, 1, 1, 0, 0, 1, 0, 0, 1]","[(5, 4), (10, 9), (14, 13), (11, 10), (15, 14), (12, 11)]",261287.4,691.032282
0.3,50.5,50.5,41.9,0.1,0.1,68.4,1.3,25.3,24.3,2008.342317,2026.953951,0,2022.985034,2013.112993,2037.680466,0,2022.405864,2096.768464,2016.881016,1,8,3,6,6,6,9,9,2,8,"[2, 2, 2, 2, 2, 1, 2, 1, 1, 0, 0, 1, 0, 0, 1]","[(5, 4), (10, 9), (13, 12), (11, 10), (14, 13)]",249566.1,643.501094
0.2,50.5,1.5,0.2,23.2,18.1,11.5,17.3,50.2,12.6,2007.8267,1874.285905,2286.416785,2008.944502,2004.343272,2004.184364,2979.416299,2014.940869,0,2017.685322,1,8,4,8,8,7,8,9,5,5,"[2, 2, 2, 2, 2, 1, 2, 1, 0, 0, 1, 0, 1, 0, 0, 1, 2, 1]","[(5, 4), (9, 8), (12, 11), (14, 13), (15, 13), (10, 9), (16, 14), (17, 15)]",252487.5,-63760441805
0.3,11.5,0.1,0.2,50.4,42.2,28.5,25.2,38.2,2.4,1965.344929,2018.548564,0,2010.701241,2016.848204,2017.20465,2364.012675,2014.679218,2150.538045,2034.967698,4,8,4,8,8,7,6,5,4,5,"[2, 2, 2, 2, 2, 1, 2, 1, 0, 1, 0, 1, 0, 0, 1, 2, 1]","[(5, 4), (9, 8), (11, 10), (13, 12), (14, 12), (15, 13), (16, 14)]",246792.9,38.922029
61.8,0.1,0.1,0.2,6.9,50.6,7.4,4,44,0.1,1992.098386,2014.312065,2011.934072,0,2011.828139,1967.828176,0,1992.844501,0,2014.644071,0,8,8,8,8,0,6,5,4,5,"[2, 2, 2, 2, 2, 1, 2, 1, 0, 1, 1, 0, 0, 1, 2, 1]","[(5, 4), (9, 8), (12, 11), (13, 11), (14, 12), (15, 13)]",264919.5,357.0463713
100,80.5,0.2,31.6,0.1,30.6,23.9,0.1,28.1,18.7,1999.770432,1993.355893,2011.817629,2012.508817,2014.313064,1989.347861,2764.390662,2014.622619,2009.250119,2020.249031,0,3,8,1,8,0,9,5,6,1,"[2, 2, 2, 2, 2, 1, 2, 1, 1, 0, 1, 2, 1]","[(5, 4), (11, 9), (12, 10)]",263563.5,0
55.3,10.5,91.5,50.3,0.1,5.2,20.4,23.2,16.1,23.7,1982.690861,1984.792487,0,2014.853245,2021.840332,2014.27755,2013.087514,2009.247058,2012.424844,2014.937076,0,3,8,2,8,7,2,6,9,9,"[2, 2, 2, 2, 2, 1, 2, 1, 1, 0, 1, 2, 1]","[(5, 4), (11, 9), (12, 10)]",266720.1,61.103335
50.4,49.3,50,50.3,0.1,0.1,25.2,47.3,12.7,13.7,1996.164845,1998.580717,2196.68901,0,2009.332744,2015.567342,0,2004.260893,2014.908211,2012.272563,0,3,1,2,8,7,2,6,9,7,"[2, 2, 2, 2, 2, 1, 2, 1, 0, 1, 2, 1, 0, 0, 1, 2, 1]","[(5, 4), (10, 8), (11, 9), (13, 12), (14, 12), (15, 13), (16, 14)]",252295.2,438.3217325
4.4,35.2,0.1,52.2,35,0.1,27.2,29.8,6.1,14.9,2019.981896,2007.477577,0,1996.080127,0,2019.556495,2019.127215,2009.949059,0,2017.244012,9,4,1,3,8,4,6,1,9,7,"[2, 2, 2, 2, 2, 1, 2, 1, 2, 1, 0, 0, 1, 2, 1, 1, 0, 0, 1]","[(5, 4), (9, 7), (11, 10), (12, 10), (16, 15), (13, 11), (14, 12), (17, 16), (18, 17)]",266889.3,1562.671098
0.2,97.8,0.1,50.3,50.5,0.1,1.3,78,11.9,12.6,2017.469073,2002.543991,2039.311767,2000.65273,2021.45117,2009.477205,2019.192948,1985.182838,2152.416692,1988.842547,9,4,7,3,1,4,8,1,7,7,"[2, 2, 2, 2, 1, 2, 2, 1, 0, 2, 1, 0, 0, 1]","[(9, 8), (11, 10), (12, 11), (13, 12)]",261930.9,0
0.2,96.7,0.2,50.3,5.7,23,23.2,56.8,0.6,23.2,2014.934664,2017.314493,2027.303541,2003.761269,0,2014.926644,2017.678943,2017.66915,0,2022.286957,9,6,7,3,1,9,5,1,7,7,"[2, 2, 2, 2, 1, 2, 2, 1, 0, 2, 1, 0, 0, 1]","[(9, 8), (11, 10), (12, 11), (13, 12)]",258626.7,160.4467715
32.4,50.5,0.2,52,0.1,20.8,6.6,54,0.1,36.4,2006.901562,1990.82643,0,2009.918541,1985.50969,2017.446022,0,2018.306381,2022.295236,2012.261045,9,0,7,9,3,9,5,1,7,7,"[2, 2, 2, 2, 1, 2, 2, 1, 2, 1, 1, 0, 0, 1]","[(9, 7), (11, 10), (12, 11), (13, 12)]",261661.5,435.038468
50.5,46.7,0.2,12.2,56.8,0.1,37.9,29.2,9.2,15.1,2008.818186,2003.379318,2173.33259,1993.136113,2008.483171,2009.356545,2400.633639,1997.318638,1984.081828,2013.073967,8,0,4,4,1,9,6,6,4,7,"[2, 2, 2, 2, 2, 2, 1, 2, 1, 0, 0, 1, 0, 1, 2, 1]","[(8, 6), (10, 9), (13, 12), (14, 12), (11, 10), (15, 13), (15, 14)]",261053.4,0
50.3,50.5,0.2,44,36,0.1,16.2,25.6,23.8,12.7,2014.347581,1997.272032,0,2012.404372,2019.326122,2020.034491,0,2022.319342,2017.271575,2019.32805,8,0,4,4,1,9,6,3,7,8,"[2, 2, 2, 2, 2, 2, 1, 2, 1, 0, 0, 1, 0, 1, 2, 1]","[(8, 6), (10, 9), (13, 12), (14, 12), (11, 10), (15, 13), (15, 14)]",253801.5,105.548765
50.3,2.9,0.2,4.5,32.8,0.1,41.9,26.9,25.3,23.1,2008.68901,1997.656112,2276.585205,2017.446501,0,2017.440123,2022.295319,2012.20151,2019.86988,2014.333424,8,0,4,9,1,9,6,7,6,8,"[2, 2, 2, 2, 2, 2, 1, 2, 1, 0, 1, 1, 1]","[(8, 6), (10, 9), (12, 11)]",259551.3,302.002086
50.3,36.7,27.6,22.8,20.9,12.8,50.7,25.2,4.2,4.5,2012.514891,1988.447628,0,2032.899474,2017.125468,1995.432135,2012.277862,2017.248635,2011.991677,2009.360387,4,0,4,5,1,3,6,7,6,2,"[2, 2, 2, 2, 2, 2, 2, 1, 0, 1, 1, 1]","[(9, 8), (11, 10)]",255664.5,-15.893366
14.4,85.7,71,24.5,3.2,36.5,21.6,3.4,0.1,0.1,1349.919711,1535.367622,1467.408244,1999.678016,2016.041682,2003.985415,0,1240.464083,1368.650799,1659.140492,1,2,2,5,6,5,1,1,2,1,"[2, 2, 2, 2, 2, 2, 2, 1, 1, 1, 1]","[(10, 9)]",266560.8,-63760446330
0.2,99.9,57.5,41.4,0.1,29.8,48.9,14.7,11.4,7.5,2004.239006,2009.251941,2003.050446,2022.492611,1997.363613,2019.957368,2016.985546,1999.972153,2025.751081,2015.994534,6,7,3,5,6,9,8,1,2,1,"[2, 2, 2, 2, 2, 2, 2, 1, 1, 2, 1]","[(10, 9)]",264804.9,0
0.2,54.2,10.7,79,23.6,44.8,37.4,25.2,2.1,12.6,2010.688178,2017.289872,0,2009.63853,0,2012.425483,1983.059351,2016.832672,1998.6264,2017.516771,6,7,3,5,6,9,5,1,3,4,"[2, 2, 2, 2, 2, 2, 2, 1, 1, 2, 1]","[(10, 9)]",268259.7,508.481857
43.1,50.5,48.1,4.6,3.8,50.6,46.8,25.2,12.5,12.6,1992.389076,2017.254338,2031.363366,2002.705608,2016.770632,2014.76483,1992.564521,2012.581307,1993.344523,1997.390755,6,7,2,5,8,9,5,1,0,6,"[2, 2, 2, 2, 2, 2, 2, 2, 1, 1, 0, 0, 1, 1, 0, 0, 1]","[(8, 7), (10, 9), (14, 13), (11, 10), (15, 14), (12, 11), (16, 15)]",263575.5,0
50.3,50.5,41.3,0.2,0.1,17.7,50.7,25.2,12.6,23.5,1997.366002,2022.259045,0,0,2014.341468,2009.8535,2019.936615,2034.599899,2007.097443,2008.287889,6,7,2,5,8,9,9,1,0,6,"[2, 2, 2, 2, 2, 2, 2, 2, 1, 1, 0, 0, 1, 1, 0, 0, 1]","[(8, 7), (10, 9), (14, 13), (11, 10), (15, 14), (12, 11), (16, 15)]",260794.2,800.297008
96.7,29.2,0.2,0.2,0.1,29.1,73.7,25.2,2.5,13.3,2017.298264,2027.403385,2016.15101,2511.600521,0,2001.57496,2014.929293,0,1986.288363,1991.036257,6,7,0,5,8,6,9,1,0,6,"[2, 2, 2, 2, 2, 2, 2, 1, 0, 0, 1, 1, 0, 0, 1, 0, 0, 1, 2, 1]","[(7, 6), (9, 8), (12, 11), (16, 15), (17, 15), (10, 9), (13, 12), (18, 16), (19, 17), (14, 13)]",264608.7,2950.032288
17.7,78,32,74.7,0.1,23.6,34.4,25.2,0.1,18.3,2002.747931,2012.271601,1973.052068,0,3473.102052,2015.331251,1997.27044,2008.051411,1978.203461,2010.54168,1,7,3,5,9,2,1,5,3,6,"[2, 2, 2, 2, 2, 2, 1, 0, 0, 1, 0, 0, 1, 0, 0, 1, 2, 1, 1, 0, 0, 1]","[(6, 5), (8, 7), (11, 10), (14, 13), (15, 13), (19, 18), (9, 8), (12, 11), (16, 14), (17, 15), (20, 19), (21, 20)]",255788.7,-35.119208
0.2,19.3,91.5,7,26.3,1.3,23.9,30.7,26,13.3,2011.853567,0,0,2292.403662,2721.410604,2015.658972,2017.299674,2009.350814,1999.28534,2018.77281,8,7,3,4,8,2,6,9,7,2,"[2, 2, 2, 2, 2, 2, 1, 0, 0, 1, 0, 0, 1, 0, 2, 1, 0, 0, 1]","[(6, 5), (8, 7), (11, 10), (14, 13), (16, 15), (9, 8), (12, 11), (17, 16), (18, 17)]",262313.4,3188.137324
0.2,49.5,58,62.2,46.2,0.1,25.3,5.2,9.7,12.6,1985.101353,2220.280101,2009.455498,0,0,2002.650996,2017.205997,2008.844056,2027.583227,2024.712696,3,1,4,4,8,3,6,9,4,2,"[2, 2, 2, 2, 2, 1, 0, 1, 0, 0, 1, 0, 1, 2, 1, 1, 0, 0, 1]","[(5, 4), (7, 6), (9, 8), (13, 11), (14, 12), (16, 15), (10, 9), (17, 16), (18, 17)]",251383.5,198.187186
70.2,2.1,7.9,12.4,31.2,17.8,3.6,21.9,20.4,15.7,2011.822626,0,2009.025483,3513.153365,1945.623359,2017.638424,2022.293588,0,2022.529002,2006.839202,8,5,0,9,0,5,7,9,4,8,"[2, 2, 2, 2, 2, 1, 0, 1, 0, 1, 1, 2, 1, 1, 0, 0, 1]","[(5, 4), (7, 6), (9, 8), (12, 10), (14, 13), (15, 14), (16, 15)]",259627.8,-31880224503
9.6,41.3,59,27.5,9.5,22,57.3,4.3,28.2,0.3,1984.366323,1982.80506,2016.834453,2283.703229,2015.742201,2012.323273,2015.662125,2282.727997,1969.885738,2016.847469,3,6,8,6,1,2,2,5,6,8,"[2, 2, 2, 2, 2, 1, 1, 0, 1, 1, 2, 1, 0, 0, 1]","[(5, 4), (8, 7), (11, 9), (13, 12), (14, 13)]",263223,0
43.9,51.4,21,8.8,18.9,26,29,47.7,33.2,0.1,2012.627817,2009.007203,2004.197736,2210.462972,2017.689719,2004.323656,2034.576017,2116.78562,2017.286793,2016.782989,4,7,7,1,5,8,8,0,6,8,"[2, 2, 2, 2, 2, 1, 1, 0, 1, 1, 2, 1, 0, 0, 1]","[(5, 4), (8, 7), (11, 9), (13, 12), (14, 13)]",254267.1,0
4.7,5.8,0.1,0.2,44.5,25.2,48.9,26.5,27.1,18.3,2012.498694,2012.178381,2017.271642,0,2004.604266,2012.486034,2014.311916,3480.475039,2002.31321,2016.597145,4,7,6,1,5,4,8,9,6,8,"[2, 2, 2, 2, 2, 1, 1, 0, 1, 1, 2, 1, 0, 0, 1]","[(5, 4), (8, 7), (11, 9), (13, 12), (14, 13)]",259234.2,610.491505
30.5,0.2,44.9,0.2,27.3,49.4,31.8,33.6,25.3,0.2,2017.517529,0,2022.460715,1994.681729,2002.687973,2026.025646,2003.79475,2327.729126,2001.862522,2008.832592,4,7,6,5,5,2,8,7,0,8,"[2, 2, 2, 2, 2, 1, 1, 1, 1, 2, 1, 0, 0, 1]","[(5, 4), (10, 8), (12, 11), (13, 12)]",253891.2,325.213777
50.3,0.1,4.7,34.7,6,47.1,28,6.3,44.7,0.1,2024.620901,3083.778461,0,0,2017.688815,2014.298896,2014.351869,0,2015.874536,2019.309091,3,8,6,5,5,6,8,7,0,8,"[2, 2, 2, 2, 2, 1, 1, 1, 2, 1, 0, 0, 1, 0, 1, 2, 1]","[(5, 4), (9, 7), (11, 10), (14, 13), (15, 13), (12, 11), (16, 14), (16, 15)]",253934.1,815.266792
11.5,0.1,29.1,3.6,0.1,65.1,25.3,41.2,41,0.1,2022.3579,0,1997.100089,2654.385445,2017.681805,2017.320123,1977.361561,2636.533694,2013.205574,2008.496024,7,8,5,8,5,6,5,8,7,2,"[2, 2, 2, 2, 2, 1, 2, 1, 0, 1, 0, 1, 2, 1, 0, 0, 1, 2, 1]","[(5, 4), (9, 8), (11, 10), (12, 10), (15, 14), (16, 14), (13, 11), (13, 12), (17, 15), (18, 16)]",256373.4,91.470485
0.2,0.1,95.3,42.9,22.7,6.8,5.5,47.1,27.4,0.1,1995.308469,2021.898529,2019.356646,0,0,1999.275389,2013.093616,0,2004.938116,2004.054879,3,8,4,8,5,7,2,8,7,2,"[2, 2, 2, 2, 2, 1, 2, 1, 0, 1, 1, 1, 0, 0, 1, 2, 1]","[(5, 4), (9, 8), (11, 10), (13, 12), (14, 12), (15, 13), (16, 14)]",266330.4,277.1323697
36.2,0.1,100,50.3,50.9,0.1,0.1,51.6,24.7,0.1,2011.809424,2009.309744,0,2003.186152,1988.501731,2053.119072,1995.089577,2278.612744,1996.387563,1993.439799,3,8,4,7,2,7,2,4,8,0,"[2, 2, 2, 2, 2, 1, 1, 1, 1, 2, 1, 0, 2]","[(5, 4), (10, 8), (10, 9), (12, 11)]",261025.2,557.991074
12.4,0.2,59,50.3,45.1,0.1,18.2,44.5,13.9,11.6,2003.396695,2009.481244,2009.479172,2005.915406,2001.444869,2017.409971,2016.887266,0,2012.267913,2017.336308,3,4,4,7,2,9,8,8,7,6,"[2, 2, 2, 2, 2, 1, 1, 1, 2, 1, 0, 1, 2, 1]","[(5, 4), (9, 7), (9, 8), (12, 10), (13, 11)]",260886.6,-63760452307
0.3,88.7,95.2,8.5,23.6,0.1,25.3,1.7,24.7,21.5,1987.678187,0,2009.341063,2015.366127,2020.108136,2014.938832,2006.810686,2011.29587,2010.552314,2017.238125,9,4,8,1,2,9,8,2,1,6,"[2, 2, 2, 2, 2, 1, 1, 1, 2, 1, 1, 2, 1]","[(5, 4), (9, 7), (9, 8), (12, 10)]",262811.1,559.138721
0.2,55.4,94.1,31.2,41.2,0.1,2.3,20.9,26,15.5,2017.401432,2007.991917,2019.670768,2007.601137,1995.820215,2017.408796,2022.331684,1990.889169,2029.929753,2011.808084,4,2,8,4,2,9,7,3,1,8,"[2, 2, 2, 2, 2, 1, 1, 2, 1, 1, 2, 1, 1, 0, 0, 1]","[(5, 4), (8, 7), (11, 9), (13, 12), (14, 13), (15, 14)]",264815.7,0
0.2,50.6,54.4,94.5,47.9,0.1,0.1,25.2,13.1,12.6,2014.432033,1269.145572,1337.570009,0,2017.127253,2014.890977,2013.383697,1086.673278,2012.598526,2011.838232,4,3,3,4,2,9,7,3,1,8,"[2, 2, 2, 2, 2, 1, 1, 2, 1, 1, 2, 1, 1, 0, 0, 1]","[(5, 4), (8, 7), (11, 9), (13, 12), (14, 13), (15, 14)]",264754.8,863.953956
35.9,50.6,93,53.9,31.7,33.4,0.1,6.2,4.1,2.7,2004.703553,2008.836553,1993.256803,2310.449428,0,2012.502244,2020.602173,2022.277933,2020.413961,1981.783989,0,2,3,5,2,4,4,2,1,5,"[2, 2, 2, 2, 2, 1, 2, 1, 1, 2, 1, 1, 0, 0, 1, 0, 0, 1, 2, 1]","[(5, 4), (7, 6), (10, 8), (12, 11), (16, 15), (17, 15), (13, 12), (18, 16), (19, 17), (14, 13)]",256170.6,13.489153
14.3,11.2,8.7,10.9,47.6,51.2,22,67.3,0.1,0.1,2022.7316,2010.925431,0,0,2022.340424,2012.511477,2003.271122,1997.842079,2004.016859,2008.517499,5,7,3,5,6,4,7,7,4,5,"[2, 2, 2, 2, 2, 1, 1, 1, 2, 1, 1, 0, 0, 1, 0, 0, 1, 2, 1]","[(5, 4), (9, 7), (11, 10), (15, 14), (16, 14), (12, 11), (17, 15), (18, 16), (13, 12)]",266124.9,361.1670525
44.1,0.1,0.2,0.2,50.7,50.6,54.7,76.3,0.1,0.1,1978.413401,2000.566237,2005.503756,2372.381993,1979.684994,2008.816637,2006.007299,1884.260966,2002.54087,2002.713551,5,0,7,6,6,4,7,7,4,5,"[2, 2, 2, 2, 2, 1, 1, 2, 1, 1, 0, 0, 1, 0, 2]","[(5, 4), (10, 9), (14, 13), (11, 10), (12, 11)]",259982.4,0
50.3,28.2,0.1,0.2,29.5,93.6,27.7,29.5,0.1,0.1,1956.33523,2012.149728,2012.298835,2056.285084,0,2015.607965,2027.853015,2014.984,2017.51531,2000.872726,5,0,6,5,6,5,1,7,4,5,"[2, 2, 2, 2, 2, 1, 1, 2, 1, 1, 0, 0, 1, 0, 2]","[(5, 4), (10, 9), (14, 13), (11, 10), (12, 11)]",254217.3,25.859594
7.8,54.7,0.2,0.2,25.3,12.6,41.4,25.3,20.6,19.9,2008.464598,0,1997.400887,2124.214323,2014.918442,2009.929732,1997.044918,2022.237721,2012.429857,2014.32814,8,0,6,1,9,9,6,7,4,8,"[2, 2, 2, 2, 2, 1, 2, 1, 1, 0, 0, 1, 0, 1, 2, 1]","[(5, 4), (9, 8), (14, 12), (15, 13), (10, 9), (11, 10)]",254625,1220.090645
0.2,8.3,69.2,38.8,23.9,0.1,7.7,27.6,24.5,24.6,2016.846693,1972.332553,2012.501813,0,2004.042858,2004.937055,2004.242878,2014.933638,2012.238819,2012.000534,8,2,4,8,3,9,8,9,7,2,"[2, 2, 2, 2, 2, 1, 2, 1, 0, 0, 1, 0, 1, 2, 1]","[(5, 4), (9, 8), (13, 11), (14, 12), (10, 9)]",264017.7,-63760454595
0.3,76.9,27.2,65,30.2,16.2,16.2,22.2,15.3,14.2,2008.698642,2284.533969,2011.330601,2022.349998,0,2001.051068,2022.224751,2009.638319,2017.42301,1996.830307,8,4,1,6,3,1,7,5,9,3,"[2, 2, 2, 2, 2, 1, 2, 1, 0, 0, 1, 1, 2, 1]","[(5, 4), (9, 8), (13, 11), (10, 9)]",260147.1,578.608391
0.2,100,42.1,50.3,0.6,21.6,25.3,25.5,11,2.5,2038.517988,0,1318.342697,2012.167453,1325.87516,1442.673299,2009.264995,2016.849196,2012.486961,2003.773947,2,7,1,6,1,1,7,8,5,3,"[2, 2, 2, 2, 2, 1, 2, 1, 0, 0, 1, 2, 1]","[(5, 4), (9, 8), (10, 9)]",257645.7,-63760455657
57.9,25.6,10,50.3,0.1,25.2,25.4,20.5,40.7,0.1,2027.27676,2887.02243,0,2017.266613,1999.41514,1999.351383,1984.726636,2008.470926,2022.734282,1993.912559,7,8,1,6,8,8,0,0,5,3,"[2, 2, 2, 2, 2, 1, 2, 1, 0, 1, 2, 1]","[(5, 4), (9, 8)]",265099.5,996.060932
61.5,0.1,28.9,50.3,24,25.2,25.3,49,22.1,0.1,2027.403355,0,2009.291765,2017.254143,2007.465168,2011.744957,1891.727781,2020.038609,2017.688889,2006.450267,7,8,4,6,7,8,0,2,5,3,"[2, 2, 2, 2, 2, 1, 2, 0, 1, 2, 1, 1, 0, 0, 1]","[(5, 4), (8, 7), (12, 11), (13, 12), (14, 13)]",264851.4,128.967689
96.4,0.1,50.7,8.5,21.1,25.2,25.3,50.6,22.6,0.1,2034.130198,1989.769412,0,2007.2259,2018.729086,2001.333312,1998.60838,2014.622435,2004.620582,2011.831772,7,0,4,6,7,8,0,2,5,8,"[2, 2, 2, 2, 2, 1, 2, 1, 2, 1, 1, 0, 0, 1]","[(5, 4), (11, 10), (12, 11), (13, 12)]",261023.1,246.411125
18.5,0.1,50.7,40.7,0.1,41.2,25.3,26.3,25.3,30.8,2022.335117,2013.270692,2671.714181,2017.311591,2007.343578,1998.843141,1997.743902,2005.796677,2000.506126,2009.333284,7,3,9,6,9,8,5,2,5,8,"[2, 2, 2, 2, 2, 1, 2, 1, 2, 1, 0, 0, 1]","[(5, 4), (11, 10), (12, 11)]",247675.2,0
0.2,0.1,9,47.9,0.1,49,19.4,5.3,25.3,16.1,2007.649933,0,0,0,2019.920829,2011.845165,2012.656419,2009.216453,0,2011.822762,5,3,9,6,9,8,5,6,5,8,"[2, 2, 2, 2, 2, 1, 2, 1, 2, 1, 0, 0, 1]","[(5, 4), (11, 10), (12, 11)]",258116.4,1616.651072
30.7,33.6,28.5,57.5,18.3,9.1,29.6,37.7,4.8,1.6,1991.332991,2316.197949,2292.236988,2212.875759,0,2002.306373,1981.020074,1994.686659,2474.205854,2007.653093,1,6,4,0,9,7,3,3,7,2,"[2, 2, 2, 2, 1, 2, 1, 0, 1, 0, 1, 2, 1, 0, 0, 1, 2, 1, 0, 0, 1, 2, 1]","[(4, 3), (8, 7), (10, 9), (11, 9), (14, 13), (15, 13), (19, 18), (20, 18), (12, 10), (12, 11), (16, 14), (17, 15), (21, 19), (22, 20)]",273339.9,908.928029
6.6,54.3,50.7,59,30.1,73.7,1.9,53.6,8.2,0.1,2011.181433,2206.71718,2111.093395,2329.561622,2168.233513,1984.488628,2014.335364,1994.998422,2478.942599,2008.151413,5,7,1,5,5,7,8,3,4,2,"[2, 2, 2, 2, 1, 2, 0, 1, 0, 1, 2, 1, 0, 0, 1, 2, 1, 0, 0, 1, 2, 1, 0, 0, 1, 2, 1]","[(4, 3), (7, 6), (9, 8), (10, 8), (13, 12), (14, 12), (18, 17), (19, 17), (23, 22), (24, 22), (11, 9), (11, 10), (15, 13), (16, 14), (20, 18), (21, 19), (25, 23), (26, 24)]",246987.3,0
0.2,3.1,50.7,50.3,0.9,30.5,0.2,32.1,12.6,0.1,2017.661604,0,0,0,0,2017.021702,2021.850845,2000.607197,0,2009.668314,5,7,1,5,5,7,8,3,4,2,"[2, 2, 2, 2, 1, 2, 0, 1, 0, 1, 2, 1, 0, 0, 1, 2, 1, 0, 0, 1, 2, 1, 0, 0, 1, 2, 1]","[(4, 3), (7, 6), (9, 8), (10, 8), (13, 12), (14, 12), (18, 17), (19, 17), (23, 22), (24, 22), (11, 9), (11, 10), (15, 13), (16, 14), (20, 18), (21, 19), (25, 23), (26, 24)]",270877.8,249.7576168
95,0.2,50.8,56.8,47.3,25.2,24.8,25.2,12.6,0.1,2009.581612,2027.465115,1997.977315,2005.976027,2350.191325,2022.298416,2006.265351,1960.586644,1984.720547,2018.360259,5,6,0,3,4,7,8,4,0,2,"[2, 2, 2, 2, 1, 2, 1, 1, 2, 1, 0, 1, 2, 1]","[(4, 3), (9, 7), (9, 8), (12, 10), (13, 11)]",261673.5,0
11.8,78.2,11,50.3,5.3,43.6,25.3,25.3,11,9.9,2017.399464,2012.347844,2025.145241,2003.763325,0,2012.247718,1999.672813,2011.795277,2013.189089,2014.185056,9,6,5,3,4,7,5,1,1,8,"[2, 2, 2, 2, 1, 2, 1, 1, 2, 1, 0, 1, 2, 1]","[(4, 3), (9, 7), (9, 8), (12, 10), (13, 11)]",251364,-24.584529
0.3,15,0.2,10.2,15.2,63,1.1,39.1,12.6,35.7,2002.624401,2019.480261,0,2007.655216,2017.477053,2001.088634,2006.224906,1972.972467,2012.557443,2016.621711,9,9,5,5,4,5,7,7,9,8,"[2, 2, 2, 2, 1, 2, 1, 1, 2, 1, 1, 2, 1]","[(4, 3), (9, 7), (9, 8), (12, 10)]",261972.9,578.609299
47,44.3,0.2,0.2,25.3,27,44.2,29.2,12.6,25.5,1997.522438,2018.869508,2239.450539,2017.690404,2009.430254,2009.403551,2027.491738,2022.283712,2014.483457,2016.842573,9,1,0,5,4,9,6,7,6,8,"[2, 2, 2, 2, 1, 2, 1, 2, 1, 1, 2, 1, 0, 2]","[(4, 3), (8, 7), (11, 9), (13, 12)]",258686.7,0
18.6,45.4,0.1,46.2,25.4,5,42.8,20.8,11.1,26.6,2014.331817,0,0,2017.255694,2019.551204,2035.218917,2012.304349,1987.648769,2009.958628,2002.166408,8,1,0,7,4,9,6,3,9,6,"[2, 2, 2, 2, 1, 2, 1, 2, 1, 1, 2, 1, 0, 2]","[(4, 3), (8, 7), (11, 9), (13, 12)]",258997.2,477.1004505
60.1,0.1,0.2,50.3,23.4,45.5,27.7,2.2,3,36.8,2007.686162,2015.289557,2006.853777,1999.660041,2002.701826,1991.582287,2017.431373,2013.663633,2017.424276,2009.26172,0,9,9,5,5,0,4,3,9,6,"[2, 2, 2, 2, 1, 2, 2, 1, 1, 2, 1, 1, 2, 1]","[(4, 3), (7, 6), (10, 8), (13, 11)]",266934.9,0
61.6,43.1,30.7,50.3,25.4,50.5,25.2,0.3,0.1,17,2004.10036,2005.839334,2014.203037,2017.687631,2024.754379,2026.782723,2017.517543,2006.352298,0,2013.14695,0,9,6,5,5,2,4,3,9,1,"[2, 2, 2, 2, 1, 2, 2, 1, 1, 2, 1, 1, 2, 1]","[(4, 3), (7, 6), (10, 8), (13, 11)]",269927.4,1278.005063
50.3,50.7,97.5,50.3,4.6,29.2,25.3,34.5,0.1,3.8,1995.480053,0,2019.26338,2027.396816,2009.076078,2015.083429,2004.256067,1983.064877,2004.143478,2020.788504,0,9,6,7,5,2,7,3,2,1,"[2, 2, 2, 2, 1, 2, 2, 1, 2, 1, 1, 2, 1]","[(4, 3), (7, 6), (12, 10)]",272364,67.067379
91.7,50.7,100,3.4,24.6,25.2,25.3,50.7,0.1,0.1,1983.630637,2027.59232,2016.818081,2017.275931,2014.671489,3321.704977,1970.434682,1987.735791,3284.960171,2014.598716,0,4,6,7,5,2,7,0,2,1,"[2, 2, 2, 2, 1, 2, 2, 1, 2, 1, 2, 1]","[(4, 3), (7, 6)]",275121.9,0
60.5,73.7,57.8,82.4,22,4.3,44.7,31.9,0.1,0.1,2024.367629,1962.367018,2022.179396,2012.104532,2017.521375,1990.895891,2009.252916,2032.997356,1999.36731,1984.233677,7,3,6,6,4,2,1,0,3,1,"[2, 2, 2, 2, 1, 2, 2, 1, 2, 1, 2, 1]","[(4, 3), (7, 6)]",265532.7,0
16.4,97.1,22.4,50.9,26.7,17.3,34.2,25.3,21.1,0.1,2022.329861,0,1969.238819,2016.85416,2008.810221,2012.498893,2017.677198,2009.937156,2009.227743,0,7,3,4,8,8,4,1,5,6,1,"[2, 2, 2, 2, 1, 2, 2, 1, 2, 1, 2, 1]","[(4, 3), (7, 6)]",254692.2,5655.391477
0.2,48.9,0.2,0.2,27.1,45.3,2.8,25.4,43.5,19.3,2012.233217,3963.294491,2008.246121,2002.696193,2011.824141,2027.607361,2014.66162,2017.298989,2016.857718,2017.6067,7,8,5,5,8,4,9,9,8,1,"[2, 2, 2, 1, 2, 2, 1, 2, 1, 2, 0, 1, 2, 1]","[(3, 2), (6, 5), (12, 10), (13, 11)]",264320.7,0
0.2,90.9,72.2,32.1,7.5,8.8,40.8,3.9,28.3,12.2,1992.433686,2130.226101,2006.903481,2027.432381,2011.835224,3308.830868,2019.152819,2006.291399,3217.24632,0,6,3,9,6,8,2,1,8,2,1,"[2, 2, 2, 1, 2, 2, 1, 2, 1, 2, 0, 1, 2, 1]","[(3, 2), (6, 5), (12, 10), (13, 11)]",262075.5,285.791463
44.9,50.7,39,44.8,0.1,35.3,10.7,18.8,8.2,18,2006.852397,0,1994.390134,2011.126037,2009.398242,1974.745981,2018.198894,2017.793371,2012.413752,2008.661336,9,3,0,5,5,0,1,7,9,3,"[2, 2, 2, 1, 2, 2, 1, 2, 1, 2, 0, 2, 1]","[(3, 2), (6, 5), (11, 10)]",265134.9,357.411156
100,50.8,0.2,50.4,22.8,50.6,0.1,1.5,0.1,37.9,2022.423084,2019.965525,1980.839083,2004.650273,2002.706296,1993.875894,2004.42471,2022.530287,2014.91431,2012.053442,9,9,0,5,5,0,1,4,9,3,"[2, 2, 2, 1, 2, 2, 1, 2, 1, 2, 2, 1]","[(3, 2), (6, 5)]",258473.7,0
22.4,79.5,32.1,6.8,25.3,50.5,0.1,14.2,11.5,8.8,2008.948306,2008.807913,1993.91074,2007.674119,1987.294023,2017.289878,2015.160483,2009.445718,0,0,2,8,1,5,5,7,1,4,9,3,"[2, 2, 2, 1, 2, 2, 1, 2, 1, 2, 2, 1]","[(3, 2), (6, 5)]",264142.5,819.2176105
0.2,100,2.7,87.6,25.3,6.1,0.2,73.6,2.6,9.8,2014.236717,1275.738414,2014.345449,1617.603842,2019.924455,2015.172828,1950.555301,2017.484055,1457.008074,2013.468802,7,3,1,3,9,7,1,4,3,7,"[2, 2, 2, 1, 2, 2, 1, 2, 2, 2, 1, 0, 0, 1, 1, 0, 0, 1]","[(3, 2), (6, 5), (11, 10), (15, 14), (12, 11), (16, 15), (13, 12), (17, 16)]",257782.5,0
0.2,51.5,45.7,58.1,5.8,0.1,0.1,51.3,0.1,40.4,2002.308975,2019.96473,2014.369945,1988.722131,2025.016075,1999.279118,0,2012.367495,2022.617992,2009.616849,7,9,1,3,9,7,1,9,9,2,"[2, 2, 2, 1, 2, 2, 1, 2, 2, 2, 1, 0, 0, 1, 1, 0, 0, 1]","[(3, 2), (6, 5), (11, 10), (15, 14), (12, 11), (16, 15), (13, 12), (17, 16)]",252805.8,8670.130048
0.2,10.6,77.2,7.1,23.3,23.5,19.1,10.6,9.7,35.1,2009.402422,2022.397116,2014.313102,2021.921454,2020.915318,2092.09146,2265.297337,2017.685467,2022.561381,2238.423001,9,9,8,6,9,2,2,5,4,2,"[2, 2, 1, 2, 2, 1, 2, 2, 2, 1, 0, 0, 1, 1, 0, 0, 1]","[(5, 4), (10, 9), (14, 13), (11, 10), (15, 14), (12, 11), (16, 15)]",251348.4,0
3.9,0.1,100,0.2,11.2,25.2,25.3,0.2,12.6,37.8,2017.328063,2014.906432,2014.295577,2017.122436,2009.394169,1996.876175,2000.64442,2014.666102,0,3249.215347,9,9,8,6,9,0,2,5,4,2,"[2, 2, 1, 2, 2, 1, 2, 2, 2, 1, 0, 0, 1, 1, 0, 0, 1]","[(5, 4), (10, 9), (14, 13), (11, 10), (15, 14), (12, 11), (16, 15)]",259641.9,659.867498
75.4,0.1,49.6,0.2,0.1,29.7,25.3,22.5,24.6,27.1,2014.918669,2022.331896,2012.321641,2022.228401,1998.697033,2016.377369,1998.860933,2014.924774,2407.806359,2873.316154,9,7,8,6,0,0,8,9,5,2,"[2, 2, 1, 2, 2, 1, 2, 2, 2, 0, 0, 1, 1, 0, 0, 1]","[(5, 4), (10, 9), (13, 12), (11, 10), (14, 13), (15, 14)]",252669.9,0
100,0.1,4.6,0.2,0.1,0.2,23.8,44,37,14.6,2014.702461,1999.285448,2006.086602,2027.407376,1985.539357,1990.602476,2023.954102,2022.361435,0,2011.888833,9,7,8,7,0,0,8,6,5,8,"[2, 2, 1, 2, 2, 1, 2, 2, 2, 0, 0, 1, 1, 0, 0, 1]","[(5, 4), (10, 9), (13, 12), (11, 10), (14, 13), (15, 14)]",256146.9,-22.058087
53.7,0.1,0.2,37.3,0.1,0.1,25.4,50.6,29.3,31.2,2030.000704,2003.705537,1993.923699,2012.270008,2014.163315,1982.548222,0,2022.279702,2642.219482,2009.328225,9,7,3,7,8,0,8,6,9,8,"[2, 2, 1, 2, 2, 1, 2, 2, 2, 0, 1, 1, 0, 0, 1]","[(5, 4), (10, 9), (12, 11), (13, 12), (14, 13)]",259743,350.439558
50.3,47.4,0.2,50.3,0.1,0.1,44.1,30.8,17,11.6,0,1976.691648,1990.608621,2019.685753,2024.38828,1989.160716,2009.699245,2007.11877,0,0,9,6,3,7,8,0,1,6,9,8,"[2, 2, 2, 2, 1, 2, 2, 2, 0, 1, 1, 0, 0, 1, 1, 0, 0, 1]","[(4, 3), (9, 8), (11, 10), (15, 14), (12, 11), (16, 15), (13, 12), (17, 16)]",264804.6,5702.259505
96.6,92.8,0.2,6.7,0.1,0.1,71.3,25.2,25.3,0.1,2011.803724,2027.426819,2019.184299,2022.32826,2019.331618,1939.034213,0,2017.921458,1986.92529,2044.069219,8,6,6,7,8,0,1,6,0,1,"[2, 2, 2, 1, 2, 2, 2, 1, 0, 0, 1, 1, 0, 0, 1, 1, 0, 0, 1]","[(3, 2), (9, 8), (12, 11), (16, 15), (10, 9), (13, 12), (17, 16), (14, 13), (18, 17)]",267919.5,262.430584
17.8,7.5,42.4,73.6,0.1,26.3,75.8,51.3,13,0.1,1993.477953,2015.240383,1998.554554,2019.31326,2016.804976,1979.931911,2534.895536,1990.96653,2563.609601,2024.719975,6,6,3,7,8,3,5,6,7,2,"[2, 2, 2, 1, 2, 2, 2, 1, 0, 0, 1, 0, 0, 1, 1, 0, 0, 1]","[(3, 2), (9, 8), (12, 11), (15, 14), (10, 9), (13, 12), (16, 15), (17, 16)]",255603.3,0
23.6,33,86.6,18.1,0.1,2.5,37.3,26,21,0.1,2012.077602,3143.64313,2013.616236,2016.012309,2011.850668,2022.294029,0,2014.343994,0,3211.038113,6,2,0,1,8,7,5,8,7,2,"[2, 2, 2, 1, 2, 2, 2, 1, 0, 0, 1, 0, 0, 1, 1, 0, 0, 1]","[(3, 2), (9, 8), (12, 11), (15, 14), (10, 9), (13, 12), (16, 15), (17, 16)]",267894.3,133.456349
50.4,89,100,0.2,50.4,0.1,1.4,25.3,22.9,0.1,2013.881268,3382.222801,1993.370758,1995.582355,0,2022.336843,0,2014.318561,0,3292.656102,1,2,0,1,8,7,4,8,4,2,"[2, 2, 2, 1, 2, 2, 2, 1, 0, 1, 0, 1, 1, 0, 0, 1]","[(3, 2), (9, 8), (11, 10), (13, 12), (14, 13), (15, 14)]",260553.6,949.095649
50.3,100,47.3,0.2,27.3,0.1,18,25.2,15.2,0.1,1048.922035,2267.189733,2001.644816,1204.076251,1686.350129,2017.221739,2019.376811,2017.248214,0,0,1,2,0,1,1,7,8,6,4,2,"[2, 2, 2, 1, 2, 2, 1, 1, 1, 1, 0, 0, 1, 0, 0, 1, 2, 1]","[(3, 2), (10, 9), (14, 13), (15, 13), (11, 10), (16, 14), (17, 15), (12, 11)]",266362.8,256.899592
49.2,22.9,92.9,0.2,26.4,23.2,29,23.2,25.6,11.3,2000.975381,3255.711808,2004.645628,2016.81864,3323.95816,2012.178422,2017.259084,2014.093464,2569.588262,2703.128521,0,2,5,8,2,9,6,7,4,8,"[2, 2, 2, 1, 2, 2, 1, 1, 1, 0, 0, 1, 0, 2]","[(3, 2), (10, 9), (13, 12), (11, 10)]",267266.1,0
49.7,43.6,86.9,46.3,28.6,25.2,1.5,25.2,0.4,12.6,0,2002.449476,2012.665898,1985.319905,2246.175709,2020.443428,2002.689231,2004.252734,0,2193.166637,0,4,5,3,2,9,4,7,4,1,"[2, 2, 2, 1, 2, 2, 1, 1, 1, 0, 0, 1, 0, 2]","[(3, 2), (10, 9), (13, 12), (11, 10)]",258758.7,563.2403625
0.2,0.2,47.2,50.3,46.7,25.2,25,1.7,30.8,12.6,3812.343252,2017.510232,2022.734489,2003.542121,2250.980118,2009.404223,0,2016.732866,2012.389774,0,8,4,5,3,2,9,4,8,6,1,"[2, 2, 2, 1, 2, 2, 1, 1, 0, 1, 0, 1, 2, 1]","[(3, 2), (9, 8), (12, 10), (13, 11)]",254121,552.249033
42.4,0.1,89.2,4.9,25.3,4.7,1.2,22.2,14.5,25,0,2022.561969,2014.386976,2017.282248,2443.154723,2147.658099,2014.938066,2009.396245,2007.210287,1858.762596,8,4,8,7,2,2,9,9,0,2,"[2, 2, 2, 1, 2, 2, 1, 0, 1, 1, 2, 1, 0, 0, 1, 2, 1]","[(3, 2), (8, 7), (11, 9), (13, 12), (14, 12), (15, 13), (16, 14)]",264143.7,-37.834776
15.2,54.8,99.3,0.2,48.9,0.1,24.1,25,13.2,13.2,2017.51485,2012.46491,2011.834961,2009.195279,2016.808009,3162.970021,1995.317589,2012.427536,2018.590107,3239.944797,4,4,1,6,8,2,1,9,7,2,"[2, 2, 2, 1, 2, 2, 1, 1, 1, 2, 1, 0, 0, 1, 2, 1]","[(3, 2), (10, 8), (12, 11), (13, 11), (14, 12), (15, 13)]",264771.6,0
0.2,100,100,0.2,43.8,21.6,2,20.6,12.6,12.6,0,2022.519372,2004.133792,2022.696309,2019.393248,3268.413688,2020.814926,2014.923114,0,3475.040943,4,4,1,5,8,2,1,9,7,2,"[2, 2, 2, 1, 2, 2, 1, 1, 1, 2, 1, 0, 0, 1, 2, 1]","[(3, 2), (10, 8), (12, 11), (13, 11), (14, 12), (15, 13)]",259198.8,512.0275285
0.2,61.6,99.9,34.9,4.8,25.2,0.2,20.6,0.7,31.3,2007.466797,0,2004.679307,2007.674301,0,3306.886341,2013.819359,2011.91887,2764.112807,3297.3671,1,4,3,5,8,2,7,9,9,2,"[2, 2, 2, 1, 2, 2, 1, 2, 1, 0, 0, 1, 2, 1, 0, 0, 1, 2, 1]","[(3, 2), (10, 9), (11, 9), (15, 14), (16, 14), (12, 10), (13, 11), (17, 15), (18, 16)]",272297.1,1325.609525
42.8,42,98.6,97.2,0.1,25.5,0.2,54.6,0.1,12.8,0,2012.526774,1971.499166,1988.846513,2573.197508,2266.059139,2022.334142,2017.404367,2137.172183,0,1,5,3,3,7,2,7,9,0,2,"[2, 2, 2, 1, 2, 2, 1, 0, 0, 1, 2, 1, 0, 0, 1, 2, 1, 1, 0, 0, 1, 0, 0, 1, 2, 1]","[(3, 2), (8, 7), (9, 7), (13, 12), (14, 12), (18, 17), (22, 21), (23, 21), (10, 8), (11, 9), (15, 13), (16, 14), (19, 18), (24, 22), (25, 23), (20, 19)]",264978.9,255.114843
35.5,43.3,96.6,100,0.1,1.2,24.6,36.3,0.1,1.2,3441.09256,1997.404722,2010.209467,1988.322409,0,3252.333785,2004.485495,0,2618.275556,2017.175272,2,1,3,3,7,2,0,9,7,6,"[2, 2, 2, 1, 2, 2, 0, 1, 2, 1, 0, 0, 1, 2, 1, 1, 0, 0, 1, 0, 0, 1, 2, 1]","[(3, 2), (8, 6), (9, 7), (11, 10), (12, 10), (16, 15), (20, 19), (21, 19), (13, 11), (14, 12), (17, 16), (22, 20), (23, 21), (18, 17)]",261965.4,4311.68373
11.9,10.3,100,100,0.1,0.1,20.4,32.3,11.4,24.5,3224.164931,2014.907261,1989.936352,2001.368434,2647.492782,3281.764443,2016.770217,2011.914236,0,0,2,9,3,3,7,2,8,9,7,6,"[2, 2, 1, 2, 2, 0, 1, 2, 1, 0, 0, 1, 2, 1, 1, 0, 0, 1, 0, 1, 2, 1]","[(2, 1), (7, 5), (8, 6), (10, 9), (11, 9), (15, 14), (20, 18), (21, 19), (12, 10), (13, 11), (16, 15), (17, 16)]",255459.3,392.542109
40.7,0.2,100,50.6,19.6,0.1,0.1,19.2,2.3,21.2,1787.665601,0,0,2027.231071,0,2164.973153,2014.509226,0,1995.936409,2342.574222,2,9,3,7,7,2,4,9,0,2,"[2, 2, 1, 2, 2, 0, 2, 1, 0, 2, 1, 0, 0, 1, 0, 1, 2, 1]","[(2, 1), (6, 5), (9, 8), (11, 10), (16, 14), (17, 15), (12, 11), (13, 12)]",264388.8,1422.641207
68.8,36.3,55.9,45.3,45.2,0.1,0.1,2.9,10.1,26.5,2110.736909,2244.651394,3088.197522,2017.450365,2002.498263,2006.449582,2004.816664,1987.769229,0,2195.111455,3,2,9,9,4,0,8,4,0,1,"[2, 2, 1, 2, 0, 2, 1, 0, 1, 2, 1, 0, 0, 1, 2, 1]","[(2, 1), (5, 4), (9, 7), (10, 8), (12, 11), (13, 12)]",256271.7,254.90041
50.3,5.4,47,54.6,50.8,0.1,0.1,0.1,23.6,6.8,0,2204.975043,0,2016.809853,1997.598091,1988.964887,2016.033346,2012.702948,0,0,3,2,9,8,4,0,8,4,3,1,"[2, 2, 1, 2, 0, 2, 0, 1, 2, 1, 0, 0, 1, 2, 1, 0, 0, 1, 2, 1]","[(2, 1), (5, 4), (8, 6), (9, 7), (11, 10), (16, 15), (17, 15), (12, 11), (18, 16), (19, 17)]",263849.7,234.519479
50.3,0.2,96.6,48.3,26.3,0.1,30.2,0.1,56,0.1,3226.496255,3232.647317,1990.638284,2006.816778,2017.454967,2006.833453,2014.195571,2009.370896,2666.710654,2844.387935,2,2,3,8,4,0,8,8,6,8,"[2, 2, 1, 2, 2, 1, 2, 1, 0, 1, 2, 1, 0, 2]","[(2, 1), (7, 5), (9, 8), (13, 12)]",256542.3,0
50.4,0.1,100,50.3,25.3,0.1,1.7,0.1,41,0.1,3247.78381,3276.210756,2001.300051,2014.292888,2022.547225,2008.61281,2039.749775,2019.362551,0,0,2,2,3,8,4,0,8,8,6,8,"[2, 2, 1, 2, 2, 1, 2, 1, 0, 1, 2, 1, 0, 2]","[(2, 1), (7, 5), (9, 8), (13, 12)]",261243.6,-37.4221115
50.3,29.3,97.3,9.1,23,0.1,0.1,61.3,2.8,12.3,3362.997157,2000.881069,2014.480718,2008.637676,2005.957891,2001.714316,2019.958163,0,3254.66562,1988.956924,2,7,4,1,7,0,9,6,2,7,"[2, 2, 1, 2, 2, 1, 2, 1, 1, 2, 1, 1, 1]","[(2, 1), (7, 5), (12, 11)]",267961.8,-63760474286
49.7,15,49.6,0.2,49.3,0.1,47,75.8,0.1,10.8,2298.430201,2014.27417,2009.469369,2014.925111,1999.092907,0,1991.740155,2007.281466,2012.476659,2009.069867,2,7,4,9,7,0,6,6,4,7,"[2, 2, 1, 2, 2, 1, 2, 1, 1, 2, 1, 2, 1]","[(2, 1), (7, 5), (12, 10)]",251522.7,14695.88602
34.3,0.2,22,0.2,55.3,0.1,26.6,31.4,0.1,30.1,2014.923287,0,1999.202912,2029.656553,2007.244154,2440.72708,2009.278536,1987.7861,1990.302008,0,9,7,0,9,7,4,6,4,9,7,"[2, 1, 2, 2, 1, 2, 1, 1, 2, 1, 2, 1, 0, 0, 1, 2, 1]","[(1, 0), (6, 4), (11, 9), (13, 12), (14, 12), (15, 13), (16, 14)]",253576.5,166.4118325
12.6,46.9,0.2,0.2,52.9,0.1,25.3,25.2,8.9,37.9,2014.875919,2016.834839,2011.821199,2012.429737,2009.203497,0,2012.297841,2007.480475,2024.985532,2007.512941,9,1,8,9,7,4,6,4,9,4,"[2, 1, 2, 2, 2, 1, 1, 2, 2, 1, 0, 0, 1, 2, 1]","[(1, 0), (11, 10), (12, 10), (13, 11), (14, 12)]",256183.8,3.652253
80,34.4,0.2,0.2,52.8,0.1,25.3,5.8,12.6,19.1,2014.939169,1201.551884,2011.835274,1490.996066,2008.491726,2547.26385,2007.277987,1082.250762,0,0,9,0,8,0,1,4,6,0,9,4,"[2, 1, 2, 2, 2, 1, 1, 2, 2, 1, 0, 2]","[(1, 0), (11, 10)]",259208.4,468.037898
62,50.8,0.1,0.2,1.4,0.1,25.3,38.2,44.4,30.9,2012.426141,2002.310371,2003.815013,2006.655163,2018.418642,2673.762605,2022.378535,2012.302845,2011.420461,3000.892562,9,7,8,7,1,9,6,0,8,8,"[2, 1, 2, 2, 2, 1, 2, 2, 0, 1, 2, 1, 0, 1, 2, 1]","[(1, 0), (10, 8), (11, 9), (13, 12), (14, 12), (15, 13), (15, 14)]",257253.9,0
50.3,50.7,0.2,31.8,0.1,0.1,6.9,50.6,32,16,2019.961774,2013.127211,2001.322637,2006.480356,2004.402956,0,2003.184524,1992.008711,2003.817886,0,9,7,8,7,1,9,3,0,8,8,"[2, 1, 2, 2, 2, 1, 2, 2, 0, 1, 2, 1, 0, 1, 2, 1]","[(1, 0), (10, 8), (11, 9), (13, 12), (14, 12), (15, 13), (15, 14)]",258833.7,207.0832145
56.7,5.5,28.6,50.3,0.1,41.4,20.5,45.6,4.4,1.6,2021.046353,0,2009.636221,2005.944745,1999.342641,2002.912198,1990.696788,2017.683864,0,1994.286341,6,7,5,2,7,5,3,7,8,0,"[2, 1, 2, 2, 2, 1, 2, 2, 1, 2, 1, 1, 1]","[(1, 0), (10, 8), (12, 11)]",258552.9,356.241504
4.8,70.2,74.2,20.7,0.1,8.5,32.2,44.9,6.9,0.1,2014.331268,1001.293418,990.7837032,2012.259227,2017.289064,998.1154714,1893.999301,2017.266051,1010.760157,2001.338509,8,2,2,7,7,2,1,6,2,1,"[2, 1, 2, 2, 2, 2, 2, 2, 1, 1, 2, 1]","[(1, 0), (11, 9), (11, 10)]",260797.5,0
0.2,18.1,98.1,77.4,0.1,42.8,25.4,4.1,23.7,0.1,1996.35398,3382.359579,1399.64333,1960.757986,2006.144295,1256.223843,2012.271226,1444.490169,3158.966675,2004.389275,8,2,3,5,5,3,6,3,2,8,"[2, 1, 2, 2, 2, 2, 2, 2, 1, 1, 2, 1]","[(1, 0), (11, 9), (11, 10)]",260553.6,0
10.1,0.1,55.8,78,6,49.5,6.3,14.7,17.5,23.4,2007.67799,1993.837771,1984.029508,2011.916317,2017.44249,1995.473612,2016.875657,2004.926127,2019.500597,2007.277272,5,5,3,9,9,0,8,9,4,7,"[2, 1, 2, 2, 2, 2, 2, 2, 1, 1, 2, 1]","[(1, 0), (11, 9), (11, 10)]",254363.1,0
50.3,24.8,0.2,4,31.9,19.6,9.3,17.9,27.5,30.9,2017.521522,2006.704857,2022.459394,2009.967571,2024.408974,2007.130493,2014.553921,2004.105604,2022.205939,2007.081025,4,8,9,1,8,0,8,7,6,9,"[2, 1, 2, 2, 2, 2, 2, 2, 1, 1, 2, 1]","[(1, 0), (11, 9), (11, 10)]",263479.2,0
50.3,50.7,35.4,0.3,28.3,16.9,25.2,25.2,27.8,12.7,2017.719012,1996.373359,2022.535194,2008.126217,2006.820088,1993.211029,2017.304738,2017.663135,2017.283996,2017.473933,2,8,4,1,8,0,7,5,6,9,"[2, 1, 2, 2, 2, 2, 2, 2, 1, 1, 2, 1]","[(1, 0), (11, 9), (11, 10)]",272231.1,0
50.3,50.8,48.9,44.7,25.6,25.2,49.4,25.2,13.1,0.3,2277.063791,1993.948648,2014.508645,2022.45452,2006.265443,2014.720935,2003.91249,2019.131902,1992.485914,1987.632875,2,3,4,1,8,0,7,5,6,6,"[2, 1, 2, 2, 2, 2, 2, 2, 1, 1, 2, 1]","[(1, 0), (11, 9), (11, 10)]",266398.8,0
