3,33.2,2.4,2.7,2.2,2.5,2.5,19.7,6.6,2.1,2131.984072,2601.88141,0,0,0,0,0,0,0,0,1,7,-1,-1,-1,-1,-1,-1,-1,-1,234030.6894,0,229143.3,0
0.8,1.7,0.5,0.6,0.3,0.4,30.6,34.5,0.2,0.2,2312.626163,0,2693.404723,0,0,0,0,0,0,0,7,7,6,-1,-1,-1,-1,-1,-1,-1,231658.2994,0,233949.9,42.497903
1.2,0.6,49.4,0.9,0.4,0.4,1.1,26.6,0.3,18.6,2120.589424,2026.774871,2879.23153,0,0,0,0,0,0,0,2,7,9,-1,-1,-1,-1,-1,-1,-1,236210.1503,0,235644.3,0
49.5,0.5,10.1,0.6,0.3,0.6,53.3,1,0.2,0.9,0,2008.929845,2144.437459,2239.994235,0,0,0,0,0,0,2,6,0,6,-1,-1,-1,-1,-1,-1,231333.1306,14.16596767,236265.6,648.163483
18.6,0.8,53,0.9,0.3,28.9,2.5,0.2,12,0.1,2220.629527,2014.445879,0,2371.690149,0,0,0,0,0,0,2,8,0,5,-1,-1,-1,-1,-1,-1,237672.9968,10.62447575,238359.6,694.082233
50.2,0.6,1.6,0.6,0.3,31.6,0.6,25.2,12.7,0.2,2331.680677,2006.544434,2022.06072,2234.760414,0,0,0,0,0,0,5,8,7,0,-1,-1,-1,-1,-1,-1,242382.8752,138.1322772,243547.2,0
4.6,45.6,0.4,52.5,22.8,2,0.4,1.1,1,35.9,2647.467656,2009.453265,2004.679627,3348.158815,2121.568811,0,0,0,0,0,9,1,4,9,3,-1,-1,-1,-1,-1,242210.8417,276.9487238,249276.3,0
49,54.7,0.5,2.5,2.3,0.6,23.3,28.7,12.6,13.4,2319.984843,2017.347216,2019.489857,2245.165439,2145.061653,2006.705668,0,0,0,0,7,6,9,0,1,8,-1,-1,-1,-1,247364.5669,276.9487238,238738.8,0
18.6,4.4,0.4,0.9,0.3,50.5,2.4,6.1,43.5,1,0,2007.296792,1980.416439,0,2354.575633,2011.997371,2685.907112,0,0,0,7,8,5,0,5,8,8,-1,-1,-1,242510.7034,268.4491432,249778.5,1118.826816
1.1,42.9,85.8,89.6,0.3,12.2,0.6,0.3,1.7,0.1,2004.395358,2008.280188,2000.963488,0,0,2018.549886,2023.593945,0,0,0,3,3,2,-1,5,1,2,-1,-1,-1,247355.2116,268.4491432,245678.4,671.345131
43.6,50.9,16.9,5.1,0.3,24.5,0.4,0.3,18.6,12.7,2892.784715,2040.787952,2019.195468,2019.543141,0,2035.577123,0,0,0,0,8,0,5,9,-1,1,2,-1,-1,-1,251625.7758,362.5818097,240170.1,364.124417
91.9,4.7,0.4,0.6,0.2,2.5,0.6,37.9,8.6,2.8,0,1037.304893,1233.604888,2007.22855,2022.352806,1190.867827,0,0,0,0,8,0,0,7,7,0,-1,-1,-1,-1,234088.688,358.0343893,246019.5,421.358795
56.1,0.7,0.5,0.9,0.3,0.4,43.3,51,11.4,0.2,2070.758065,1994.400803,2015.458267,2017.23762,2003.235339,2007.315982,0,0,0,0,0,6,8,7,7,6,-1,-1,-1,-1,246090.4215,430.8592727,249762.3,0
51.1,0.5,0.4,0.6,0.3,0.6,51.2,55.7,25.2,0.2,2027.44602,2012.858791,2011.936379,1992.401593,2014.518703,2001.761199,2303.395003,0,0,0,0,6,8,7,8,6,7,-1,-1,-1,246698.9771,515.1310317,251540.4,0
55,0.7,0.5,0.9,0.3,51.8,19.2,26.4,23.5,12.7,0,0,0,2022.250758,2014.043607,0,1420.103631,2002.223977,2014.532213,2014.002581,0,6,8,7,8,6,5,5,9,0,247348.9266,515.1310317,250868.4,1470.32743
6.3,90.9,0.4,0.6,0.3,28.8,19.8,25.4,19.7,12.8,2022.409354,0,0,2008.890407,1994.209715,0,2939.977321,1916.72392,2011.448952,2044.816474,1,-1,-1,7,1,-1,8,5,9,6,250909.527,291.3656686,261095.1,0
0.8,54.9,23.5,89.8,0.3,4.3,54.9,33.9,1.1,12.8,2024.121074,1976.522772,1570.133232,2037.066117,2019.484327,0,2316.735867,0,2018.176388,1992.471583,1,3,6,2,3,-1,7,5,9,6,262269.1386,451.1621285,267550.2,25.589287
49.6,4.8,50.7,54.7,48.5,0.4,73.6,24.7,0.3,0.8,2024.473679,2038.189245,2140.485831,2029.887705,2010.844766,2022.239905,2221.405723,0,1997.380693,2018.967597,6,3,0,2,7,6,4,-1,4,6,254805.9236,378.3372451,257912.7,0
16.6,0.5,50.5,13.3,44.3,23.1,76.3,2,0.2,12.8,1993.797327,2012.209749,0,2003.902065,2027.225391,2006.689785,0,2012.017895,1996.123566,2004.321828,6,4,0,2,5,6,4,9,4,6,261520.5628,299.1833435,255821.1,835.9889005
39.7,0.7,60.2,26.8,38.8,25.5,14.2,28.5,0.3,2.1,0,2032.448726,2374.201369,2062.715961,2023.154077,2144.179333,2200.963638,2022.27625,1621.651272,0,1,7,4,3,5,0,2,7,0,9,263350.3554,299.1833435,247862.7,-63738384414
56.4,0.6,5.7,17.6,1.1,23.5,17,40.1,8.2,8.5,2020.207956,2017.199948,2557.628482,2017.014062,0,1995.635171,0,2007.374842,2034.752646,0,0,5,7,8,5,5,2,6,9,-1,249972.0582,466.3811236,253438.5,757.611642
51.1,0.7,0.5,27.8,0.2,77,6.1,1.7,31.9,12.8,2030.33893,2030.342573,2207.906048,2001.183659,2754.363317,1998.796322,0,2027.170591,2017.020318,0,0,5,5,8,8,5,-1,3,9,-1,258006.1212,0,256060.5,0
50.8,24.9,92.2,14.7,0.3,26.4,0.5,0.3,21,21.4,2024.935046,2005.373813,0,2027.137021,1965.278076,2008.964111,1966.393372,2011.48215,2019.530132,0,0,1,5,8,2,8,2,9,9,-1,250687.2569,0,253500.6,718.129075
51.1,16.9,10.9,0.7,55.9,0.6,18,14.4,26.5,15.8,2024.395055,2014.371146,2415.093752,2019.544745,0,2014.402852,2215.576499,2017.325308,2014.474012,0,0,7,4,8,2,8,4,6,9,-1,254754.1662,0,255459,339.629537
51.1,0.7,24.8,1,12.5,29.8,33.4,25.6,16.3,22.4,2030.449486,2016.404254,0,2036.292642,2452.265829,2014.434944,2327.660334,2004.000991,2014.476819,0,0,7,4,2,5,8,6,9,9,-1,251619.5885,0,247165.5,88.628997
50.8,0.5,15.6,0.7,0.3,6.7,24.9,25.4,12.8,38.1,2010.21121,2017.164362,2024.448729,2019.412309,0,2006.488053,0,2024.5991,2022.167117,0,0,7,9,6,5,8,6,9,9,-1,247607.1543,0,240161.1,366.9255295
18.6,0.8,0.5,0.7,0.4,14.6,10.2,25.5,12.9,44.8,0,2022.237708,2008.982903,1999.183462,2014.008732,2017.020205,0,2012.012346,0,0,0,7,9,5,9,8,-1,9,9,-1,246437.1581,380.7998502,245099.1,572.1831185
0.8,43.6,0.4,1,29.1,26,0.4,7.5,20.8,26,2364.077199,2014.449567,2017.038158,2027.25654,2008.406659,2017.051087,0,2008.997153,0,0,4,8,9,5,1,8,-1,9,-1,-1,251721.9752,302.6626277,248671.8,0
44,5.8,26.5,0.7,1.6,7.7,15.3,24.7,34.3,25.5,2912.51662,2017.052441,2014.504933,2017.386309,2028.811873,2016.979044,2017.241156,2003.995995,0,0,8,8,9,6,0,2,7,9,-1,-1,251880.1039,417.0992514,258451.8,0
50.8,47.9,50.7,1,0.3,0.6,26,25.5,30.7,15.7,0,2009.497175,2014.521157,2009.345298,2030.955608,2018.952194,2004.208789,2016.989182,2011.83825,0,8,8,9,6,0,2,7,8,1,-1,249411.5075,273.4734364,254250,426.963292
7,50.9,14.3,13.2,11,0.4,47,45.2,15.7,10.6,2532.929144,2011.985566,2042.626446,2004.204514,2008.677281,2024.606444,2022.536141,2016.204614,2011.898523,0,7,8,4,7,6,9,3,6,1,-1,257162.2485,205.547529,263352.6,0
0.8,50.9,0.4,51.3,25.7,0.6,75.8,32.9,12.8,13,0,2017.004463,2014.248781,2017.211874,2013.960287,2006.417478,2022.744038,2009.256078,1914.166501,2015.131039,7,8,4,7,6,9,3,6,1,6,262095.6083,273.214388,256635.3,52.168334
21.1,96.4,0.5,50.7,8.4,0.4,21.8,17.2,12.2,21.9,1992.258938,2102.828824,2008.987904,2021.584799,0,2019.529865,2033.62382,0,2023.783896,2029.439205,1,0,8,9,6,9,3,9,1,7,257520.91,199.8292821,252322.8,-31869192708
95.4,15.3,0.4,17,0.3,25.4,0.7,50.8,4,16.1,1238.609193,1581.60347,2014.332811,1997.311325,1304.945529,2014.509375,2011.993253,0,2009.132523,1837.236686,0,0,5,7,0,9,7,-1,5,7,255972.9917,95.8263252,260181.9,0
55,1.6,0.5,21.8,12,52.1,0.7,70.9,30,3.5,2012.152936,2029.474122,2022.065186,1895.040832,0,2025.220138,1991.618586,3454.339851,2005.596085,2032.615329,8,4,5,7,0,7,7,8,5,3,256544.1137,0,259547.7,228.639326
1.2,0.6,68.1,36.6,20.6,32.6,13.2,48.2,8.3,14.9,1977.713457,1974.22931,2032.23011,2009.265225,1986.676157,2010.072392,2045.04459,0,2017.830655,2022.073908,7,2,9,4,2,3,6,8,5,9,262660.6257,0,264729.3,104.132624
48.1,0.8,20.2,57.1,8.4,54.6,24.8,42.2,0.3,25.6,2007.869765,2014.360325,2017.01634,2120.366906,2133.048917,2089.147658,1984.914773,2399.00898,2007.189934,2006.483077,7,6,9,3,0,3,7,5,5,9,264445.5439,0,251784.9,0
28.8,0.6,24.1,35.6,0.3,31.4,34.7,15.9,9,20.1,0,2029.827137,2017.018673,2003.89866,2649.643469,2008.984621,2013.969863,0,2017.180623,2021.647994,7,2,9,7,6,9,8,5,5,0,260933.5889,0,257062.2,473.864338
18.7,0.8,50.6,1,12.9,61.6,10.1,25.8,25.8,17.5,2017.014867,2015.878471,2005.256089,2022.284764,0,2017.02698,2008.966216,2025.555443,2029.655482,2017.359417,8,2,5,7,6,9,8,5,5,4,258743.3701,0,256707.3,680.267514
1.2,0.8,50.5,0.7,25.5,74,0.7,25.5,25.5,16.4,2006.57109,2022.432357,2019.404059,2009.195711,2014.500558,2023.78151,2014.358213,2022.239197,0,2022.153945,8,2,5,7,9,5,8,5,5,4,252837.3447,161.3272576,260193.3,460.697494
0.8,0.7,50.5,1,49,76.1,0.5,25.4,21.2,12.8,0,2021.807163,2033.423906,2022.216872,2017.02703,2026.394663,2014.480084,2022.239052,2027.390477,2027.352732,8,2,5,7,9,5,8,5,4,4,250207.0063,297.3807604,246969,192.943397
30,0.7,8.7,36.4,26.4,11,0.7,21.8,14.9,21.9,2003.658307,1394.005522,2017.187249,2011.547581,2019.494741,2014.518739,2017.073039,1158.639538,1321.013238,0,8,0,7,3,9,9,4,0,0,8,261143.095,343.792394,261403.8,-63738390953
64,30.1,28.6,50.8,31.1,0.6,40.7,6.5,12.8,4.6,2017.012199,1203.468181,2017.535875,2026.557812,2039.850041,2037.716426,2008.314931,1379.918992,1335.667733,2012.253346,8,0,1,3,6,6,2,0,0,4,260315.5533,361.5545486,261723,0
65.6,15.5,28.1,50.6,17.6,0.6,51.7,22.8,21,0.2,2017.009845,2013.148306,2006.450951,2018.355613,1999.369744,2012.359464,2022.398907,2146.724321,2030.323325,2009.185422,8,0,8,3,6,6,4,0,2,7,271508.5797,0,268377.6,0
69.6,0.6,50.7,51.1,25.7,16,51.6,25.5,3.8,12.4,2014.467415,2022.540308,2017.19642,2013.490365,2004.339418,2004.34114,2017.260168,2040.685896,2029.861503,2022.278869,9,0,5,3,6,6,4,0,2,7,271084.2294,0,263890.5,0
57.7,0.8,50.4,19.9,25.5,49,51.6,2.4,18.2,0.9,2012.280428,2016.909112,2014.975875,2022.039641,2027.323002,2024.422741,2022.341806,2040.513423,2008.664717,2059.732924,6,8,8,8,5,6,4,0,2,5,263918.2675,0,259688.1,0
15.3,23.4,51,1,50.4,6.7,54.7,0.3,20.6,20.4,2007.214419,2012.951208,2042.524391,2030.534532,2012.307403,2012.118642,2022.226128,2017.223057,2017.855679,2006.489944,6,1,8,4,6,9,4,4,2,9,263431.2972,0,263455.5,0
0.8,19.9,50.5,0.7,76,15.7,51.7,14.6,12.8,15.9,2012.360244,2017.234935,2016.975519,2042.70207,2006.716264,2021.981443,2015.25083,2004.259541,2020.003379,2014.015501,6,7,8,4,6,5,4,4,2,9,263847.0379,0,266852.1,0
39.8,43.3,36.7,25.3,58.9,25.8,42.7,7,3.5,10.6,2008.708785,2008.997047,2058.788423,2042.776734,1939.975915,2024.25556,1896.386138,2027.405091,0,2055.148037,1,9,3,4,6,5,6,4,2,0,261965.8655,0,262578.9,810.301541
50.7,6.1,0.5,17.1,14.4,25.4,52.1,61,8.5,21.3,1821.092533,2014.519995,2019.521036,2012.346179,1985.223431,2003.848551,2014.528848,1976.813303,2296.600131,2043.703208,7,9,8,6,7,5,9,7,6,0,266391.175,0,253840.5,0
7.4,0.8,0.4,42.7,0.4,25.6,33,76,14.2,6.5,1843.597494,1267.798037,2016.964351,2017.368805,2012.109117,2017.118817,1426.556333,2007.530404,0,1246.170752,7,3,8,6,7,5,3,7,6,3,261346.0294,162.0603082,255424.2,-0.613382
9.8,56.8,30.2,31.3,18.9,26.8,6.4,32.1,21.8,0.3,2022.239231,2019.193513,2014.409126,2009.485851,1294.574999,2012.166536,1243.097774,1324.637762,0,2014.466558,5,0,8,2,1,4,1,1,7,8,257119.9211,162.0603082,267077.1,243.432089
22.4,57.8,50.4,1,38.1,45.6,47.6,17.1,4.5,8,2030.53458,2037.320609,2004.197027,2018.018012,2007.183606,2017.365565,2129.08889,2012.245076,2017.378496,2014.292906,5,9,7,2,5,4,1,4,6,6,257629.1669,161.9376318,267195.6,0
40,18.7,50.5,0.7,51.1,50.9,28.1,25.6,8.5,12.9,2022.236518,2011.499407,2022.25919,2021.606251,2019.227697,2022.300508,2024.586544,2032.448413,2017.3415,1645.657856,5,9,7,2,5,4,8,4,6,0,262093.4204,210.6240496,262483.5,0
68.9,0.6,16.9,25.2,30.8,72.9,1.8,25.5,4.1,22.6,2014.108827,2037.357967,1996.553726,2032.957119,2007.19404,2017.306699,2044.694115,2026.651121,2027.843366,2013.113945,5,9,7,0,5,4,3,9,0,5,263105.7366,210.6240496,266657.7,0
56.5,0.8,42.2,92.5,39.6,22.2,0.5,27.7,21.3,6.4,2001.947271,2024.220084,2019.832457,2034.619113,2022.03527,1994.363523,2003.549922,2011.996173,2020.68551,2022.260682,3,5,4,0,8,4,3,8,2,7,269797.7089,48.5637414,268714.5,0
50.7,0.6,43.3,59.1,66.7,25.8,0.7,48.1,10.9,0.3,2038.072077,2023.359277,2011.689621,2011.325374,2014.118186,2019.934006,2009.395993,2018.027726,0,2002.217471,3,5,4,0,7,4,8,4,2,7,267384.7267,48.5637414,261493.8,853.952142
19.4,24.6,0.4,50.9,37.3,64.4,0.5,42.3,4.2,12.7,2031.723831,2022.458472,2044.384837,2020.913561,2012.155576,0,2009.18243,2017.517035,2019.546844,1992.392323,3,5,4,1,5,4,7,5,9,7,259883.5807,48.6864178,265026.6,4278.232506
0.8,96.9,56.9,5.5,42.5,76.1,0.7,9.3,8.8,2.4,2025.58085,2036.966913,2011.997465,1991.438941,2011.927209,2011.195031,2022.834309,2004.167666,2008.980945,2009.932914,4,5,8,1,5,1,4,5,2,2,263314.5353,170.7904284,264503.4,0
1.1,23.7,60.9,28.4,48.3,16,48.3,37.6,12.9,0.2,2012.215774,2022.982675,2016.999814,1999.477507,2026.06497,2005.394167,1988.980953,2017.618539,2003.000313,2020.145604,7,7,8,6,4,6,4,3,6,2,266513.8495,1026.43693,261082.2,0
24.7,0.6,8.1,35.9,50.8,0.4,38.1,68.1,12.8,8.6,1825.290811,2031.744351,2019.478171,2016.747944,2017.174068,2058.442435,2017.42987,2014.212944,2018.271012,2012.184638,7,3,8,9,4,6,4,7,0,7,263106.6906,1026.43693,260716.2,0
40.4,42.9,60.7,16.5,28.2,0.6,9.4,41.1,3.5,21.9,2007.069516,2012.16544,2040.772818,1982.443538,1952.593155,0,2017.261703,2007.237221,2022.439788,2006.491306,1,7,0,2,2,6,4,7,9,9,262918.056,1026.43693,265650.9,387.326277
38.4,51,20.4,41.5,29.1,17.3,0.5,68.7,6.8,14,2013.894718,2020.16007,2019.456666,1997.91443,2022.229083,1991.125954,2015.464627,2027.272424,2016.893622,2021.612038,1,7,8,7,4,7,0,5,9,3,266503.4741,1026.43693,264694.5,0
49.1,5.8,28.9,96.2,25.4,27.7,16,24.2,12.9,11.6,2027.309572,2050.211133,2014.399804,2016.959758,2027.345119,2005.653048,2027.296213,2034.419983,2046.787068,2016.714421,5,6,8,9,4,3,7,0,2,3,263117.2446,933.1117566,267620.4,0
14.8,0.8,50.6,100,48.6,19.6,26.8,25.6,12.8,13.2,2021.170541,2017.368218,2024.985643,2006.481496,2007.280139,2006.038781,2012.222327,2037.497675,2018.638018,1994.824274,4,6,8,9,4,3,7,5,2,3,260466.4592,77.4652554,260334.6,0
45.9,27,12.8,10.3,44.5,25.6,26,45,3.4,14.6,2024.333398,2022.41654,2032.445922,2073.902704,2032.496626,2011.434668,2116.57183,2004.15213,2012.225126,24.69029136,7,6,7,1,4,9,0,5,4,0,266418.3932,77.4652554,256526.4,0
62.1,15,0.4,0.9,29.9,43.2,25.9,30.5,0.3,22.7,2012.186586,2019.416412,2019.548477,34.93605972,2012.270358,2017.018309,517.2952939,2042.663477,2034.532219,1232.913464,7,6,9,0,4,9,0,5,5,0,250964.7432,77.4652554,252660.6,0
38.4,36.7,30.6,0.8,21.6,45.4,11.3,1.8,0.2,25.7,2016.537446,2022.086943,2032.463725,2009.333961,0,0,1994.21986,2004.13482,1999.511784,1992.332475,9,9,2,6,4,9,1,5,1,5,258042.6712,77.4652554,252987.9,2194.399509
42.1,66,11,27,24.4,7.4,32.4,0.4,0.3,13.2,1426.217491,2127.146047,2048.309715,2016.999645,2022.134064,2017.510863,1208.58118,2109.886522,1332.647501,2107.737325,1,3,3,9,4,6,1,0,1,0,266458.434,0,264744,0
53.9,56.7,0.5,85.5,25.5,0.6,23.3,21.3,6.6,23.8,2017.125483,2115.7885,2029.150197,2016.995677,2009.176329,0,2012.022545,2021.764108,1999.29419,2012.004197,7,3,3,9,4,6,8,0,1,9,263607.4843,438.8799017,256309.5,269.201643
51,14.8,0.5,93.5,6.4,0.4,33.7,1.9,21.9,25.4,2048.029095,1251.444282,1465.28514,2006.989598,2032.576153,1592.9114,2014.328616,2022.246878,2001.483023,2014.016633,6,3,3,9,6,3,8,0,8,9,260836.1612,438.8799017,249608.4,0
16.5,0.6,7.8,35.5,0.4,45.7,27.9,0.4,26.4,29,1997.604835,2022.060287,2017.554244,2032.587407,2022.053961,2014.512551,2016.871286,2024.264869,2013.986443,2017.005409,5,9,2,6,5,9,8,5,9,8,263478.3236,492.7202303,259802.1,0
44.1,0.9,71.9,42,0.5,48.7,8.8,0.3,14,26.1,2015.311208,2014.492721,1239.399946,2012.138326,846.1557656,2018.39628,2011.999361,2042.6448,2014.022454,1161.686873,3,9,2,5,2,0,8,5,9,2,256174.4092,492.7202303,261153,0
51,0.8,93.3,4.7,23.2,32,0.5,28.7,23.3,15.3,2022.25505,2011.463133,2023.046299,2037.533151,2019.218367,2019.669988,2019.52456,2026.20055,2029.415084,2011.974758,4,9,2,7,2,0,8,5,7,8,261078.4117,492.7202303,252597.6,0
3.5,0.6,62.5,1,2.5,25.4,0.7,51,37.4,20.2,2014.489095,2022.062857,2010.144527,1994.231981,2014.521151,0,2011.33839,2012.105465,1997.308693,2022.050156,8,9,2,7,9,0,8,5,7,8,249674.2636,53.8403286,256628.7,593.116341
42.9,0.9,50.5,0.7,0.5,6.2,0.5,65.8,38.8,25.6,2019.256119,2019.538432,2018.768104,2017.167488,2003.840792,2009.717083,2008.95456,2006.519697,1906.981276,2017.002448,0,9,2,7,9,8,8,7,7,8,263265.3995,53.8403286,256349.7,0
51.1,0.6,50.4,1,0.4,0.4,21.2,57.9,27.9,16.5,1840.713137,2014.477688,2009.563274,1997.450927,2027.491255,2016.979001,0,2012.116933,2018.391984,2004.498365,0,9,2,6,6,8,8,7,7,8,255070.7893,118.6232682,249991.8,6632.558829
6.7,22.2,15.7,22.7,0.5,0.6,36.5,46,34.3,9.6,2053.223727,0,2121.200077,2016.188749,2022.205121,0,2017.007331,2022.279854,2013.1184,2019.499219,6,9,3,1,7,8,8,7,3,8,244765.4349,118.6232682,267354.6,4254.981441
1.1,51.1,85.3,74.1,29.5,0.6,2.6,51.1,25.5,0.4,2008.286333,2350.342263,0,2007.696222,2017.205129,2013.20877,2011.500758,1981.218693,2023.322227,2022.519185,2,4,7,1,7,2,8,7,3,8,253470.6264,1445.135034,264666.3,-63738396758
0.8,50.9,57.1,95,7,0.4,0.7,75.6,17.2,0.3,2020.163442,0,1999.217795,2013.14369,2005.939679,0,0,1816.466136,2004.708522,0,2,4,7,1,7,2,8,7,3,8,240039.7793,2296.131322,271724.1,1687.32075
34.4,50.9,5.2,94.8,49.3,30.1,30.3,34.3,0.3,12.1,2024.598668,2004.646318,1999.174618,2011.996006,2207.681505,1987.550915,2331.315996,0,2005.602422,2350.757658,9,4,0,1,0,4,5,7,3,6,250035.0869,0,265400.7,5399.646662
55.5,50.7,0.4,94,51.1,2.9,28.6,9.5,0.2,12.9,2016.881891,2040.08878,2026.717449,2013.694182,2021.958941,2007.241936,0,2012.3852,1890.477847,0,9,4,0,1,7,4,5,6,3,6,253465.9001,0,266904.9,-1.563382
11.2,48.4,0.5,57.5,51.5,0.4,70.9,25.8,8.8,12.9,2006.386759,1998.767115,2024.188435,0,2016.849999,0,2002.38454,1999.498227,2017.00469,2024.376159,9,4,6,1,7,4,6,6,8,4,249402.9678,0,260781,5387.773605
89.5,0.9,0.5,50.8,42.6,22.4,12.6,25.6,3.4,18.6,2013.966254,2007.129614,0,2008.078619,2027.331214,2012.723198,2019.532415,0,2022.304029,2014.140883,9,4,7,0,7,0,9,6,4,5,253554.2649,0,263772.9,-31869202776
17.4,0.6,79.1,55.2,73.3,17.5,18.7,7.1,0.3,16,2037.630293,1980.081809,2022.340901,2017.093032,2014.190616,2014.09165,2022.059715,2012.193655,2004.260038,2006.773055,4,2,4,6,5,9,9,3,4,2,257325.0404,0,258746.7,0
0.9,27.5,50.3,12.8,31.3,47.6,2.8,45.5,0.3,27.4,2014.457647,2042.460356,2011.393945,2013.425812,2007.196029,2014.001454,2008.894955,2032.437386,2022.061841,0,9,5,7,7,5,4,9,4,1,2,263892.9939,0,262810.5,853.193262
1.3,88.9,0.5,43.4,32.8,33.6,0.5,51.1,8.7,13.4,2001.432798,2012.122569,2012.218632,2012.197615,2021.551956,2017.1745,2019.536488,1272.600303,311.6077937,1397.512909,3,5,7,7,8,4,9,1,1,1,256125.849,0,252022.8,0
1,96,0.4,51.1,7.5,25.4,0.8,4.2,20.9,12.9,2052.331808,2022.182433,0,0,2016.953167,2016.97536,2019.550038,1486.674187,990.8892397,1456.889977,3,5,7,7,8,8,9,1,1,1,250312.9,0,261310.2,449.811638
1.3,58.6,93.3,4.5,57.7,25.5,24,0.4,8.3,3.5,2027.384342,2017.188094,868.9615415,1326.521596,2034.697598,1454.452544,2019.401832,2033.346673,2062.457028,2009.461819,4,5,2,2,6,2,6,4,1,4,260070.7197,0,270858.3,0
0.9,50.9,63.9,72.2,64.9,3.3,51.7,23.8,0.3,0.2,2017.23472,2041.582889,2014.105449,2019.667037,2042.832873,2022.475332,1987.634763,2026.306736,2011.53492,2001.277741,7,3,3,2,6,4,6,4,1,4,266455.1439,0,262173.6,0
1.3,50.9,1.5,99.9,57.2,0.4,51.8,25.5,0.2,0.4,2017.139331,2008.255552,2016.376348,0,2042.853934,2033.097329,1999.768207,2017.268097,2009.770094,0,7,3,3,2,6,4,6,4,1,4,259890.8047,260.60098,263599.8,157.875023
10.2,1.9,0.5,4.1,0.7,3.7,0.7,2.1,1.2,0.4,2014.573449,0,0,0,0,0,0,0,0,0,7,-1,-1,-1,-1,-1,-1,-1,-1,-1,224170.8815,0,229695.3,0
1,0.9,0.4,93.3,0.4,0.4,0.6,1.1,0.3,0.3,1992.619296,1969.628404,0,0,0,0,0,0,0,0,3,3,-1,-1,-1,-1,-1,-1,-1,-1,229160.8735,0,231985.5,0
1.3,0.7,0.6,68.1,0.4,0.7,0.8,25.3,0.2,0.3,2042.113964,0,2014.194292,0,0,0,0,0,0,0,3,3,7,-1,-1,-1,-1,-1,-1,-1,231767.9679,0,230092.5,98.742903
0.9,0.7,0.4,4.6,25.3,0.5,0.6,25.6,11.8,0.3,2016.644224,2011.98576,2017.466803,0,0,0,0,0,0,0,8,4,7,-1,-1,-1,-1,-1,-1,-1,233488.0977,0,238796.4,0
1,1,0.6,45.5,47.5,0.5,0.6,31.4,1,0.3,1998.95277,2037.310712,2016.773515,2591.965816,0,0,0,0,0,0,3,4,4,7,-1,-1,-1,-1,-1,-1,241681.4786,24.68572575,239703.3,0
35.8,0.7,0.4,51.1,7.8,0.7,0.8,5,19.4,9.2,2006.496997,2022.318467,1987.532078,0,2859.83661,0,0,0,0,0,3,9,0,7,8,-1,-1,-1,-1,-1,241363.5939,19.7485806,234444.3,40.671843
34.9,1,0.4,10.9,5.1,22.5,0.6,0.5,7.9,15.3,0,2067.792028,2012.159403,2014.743614,0,0,0,0,0,0,3,0,5,9,8,-1,-1,-1,-1,-1,232154.2381,19.7485806,249399.3,532.1561875
64.9,0.6,49.8,48.8,0.6,25.6,0.8,0.3,0.3,12.8,2061.720847,2095.263259,2022.200784,2014.736093,1990.234255,2028.480142,0,0,0,0,0,0,5,9,3,2,-1,-1,-1,-1,242338.2236,27.8829492,253054.2,0
43.5,0.9,50.6,50.7,0.4,50.4,0.6,8.6,0.2,12.9,2022.493232,2141.736052,2012.154659,2014.22421,1985.651144,2003.573486,2024.336607,0,0,0,7,0,5,9,3,2,5,-1,-1,-1,245219.9264,134.3141867,261770.1,0
52.2,0.6,97.8,51,0.6,27.9,41,5,0.3,12.9,2032.587964,2007.565058,2045.078135,2019.787466,2004.015131,1985.414826,2022.203123,1981.088561,0,0,6,0,6,9,3,2,5,2,-1,-1,252368.241,114.5656061,257299.2,0
50.9,53.8,10.2,51,0.4,7.6,56.2,0.4,0.2,18.4,1440.198768,2008.508943,1999.398551,2024.817093,1966.656985,1184.122736,2024.854383,1025.859005,2004.353571,0,1,0,6,9,3,1,9,1,6,-1,255769.737,114.5656061,254807.7,0
16,30.6,16.5,89.7,13.5,0.5,6.3,22,18.7,25.5,2053.025195,2006.652129,2007.438739,1987.0015,2008.094017,2024.147347,1916.23455,1977.685616,2017.434005,2018.538867,4,9,7,2,3,8,2,3,9,8,259027.8869,114.5656061,257631.9,0
1,0.9,36.8,72.5,55.5,0.7,0.9,25.5,18.7,25.9,2013.601506,2017.260221,2017.504612,2010.193923,0,2019.095044,2013.918519,0,2014.730363,1982.428979,4,9,7,4,3,8,8,3,9,4,248133.2206,106.4312375,252710.7,510.910857
1.4,0.6,63.2,0.8,16,0.5,0.8,63.2,26.6,30.8,2027.375059,1326.269493,1994.618344,1149.225469,2699.112438,2012.485252,2016.597822,1385.545922,2007.459946,2016.873373,9,2,7,2,9,7,8,2,7,8,249757.055,0,260973,0
1,46.8,59.1,1.1,0.6,0.7,28.4,94.2,13.9,13,2017.251373,2003.611798,1480.376797,1671.440539,2628.5207,1685.905417,2016.591023,2126.401963,1897.523966,1674.377735,9,2,7,7,6,7,8,1,7,7,259152.9594,102.1821714,252870.3,0
1.3,16.3,50.7,36.3,15.9,0.7,7.3,57.4,24.1,2.6,2016.9698,2009.81077,2133.604678,2019.198815,0,2012.483777,2005.911697,0,2014.254998,2022.033711,3,2,3,4,6,7,8,1,8,7,249903.8944,102.1821714,261463.5,346.6184155
18.1,0.6,94.7,76.3,25.7,24.6,0.7,32.8,16.7,0.3,2102.707772,1984.925195,1981.506257,2029.875843,2017.175752,2012.427928,2077.589502,1988.710729,2014.077985,0,3,2,3,4,5,7,0,2,8,7,262098.3457,102.1821714,264205.2,958.576299
47.7,0.9,100,79.3,7,1.9,0.6,50.7,16.2,5.3,1045.007519,1998.893717,2001.922523,2019.1175,1994.531458,2002.506788,2019.776709,1994.277121,0,2007.491158,3,2,3,8,0,7,9,2,8,7,257180.6939,171.5058545,261807.9,1059.651083
51.6,40.1,56.1,53.1,0.4,19.3,0.7,42.6,8.4,4,2009.141576,2058.188251,2025.133086,2007.497677,2007.540636,1984.710725,1546.58549,0,2011.469774,2016.57568,3,5,1,7,0,7,1,0,2,8,260370.5839,363.2211143,265952.7,-63738444175
53.4,55.6,8.2,51.1,0.6,47.5,25.9,32.6,4.1,15.9,2002.082807,2012.092971,2022.279231,2014.22751,2007.782157,1982.172622,2015.660501,2005.071651,2017.272138,2001.332001,3,5,5,9,7,6,1,0,9,6,263212.8479,472.9691595,264863.4,0
50.9,51,31.9,13.6,0.4,51,33.7,25.6,0.3,33.7,2000.251601,2010.438648,2007.23296,2014.742602,2009.427891,2009.318169,2001.659656,1995.881365,2017.231777,2012.234222,2,5,5,9,7,6,1,0,9,9,265059.295,0,260282.7,0
1.8,2.3,2.3,2.6,2.9,12.4,2.3,2.1,1.9,11.3,2006.366551,0,0,0,0,0,0,0,0,0,9,-1,-1,-1,-1,-1,-1,-1,-1,-1,224069.2824,0,230988.3,0
0.2,0.9,0.8,1.2,0.4,0.5,0.8,55.1,0.3,13,2019.34764,1989.263103,2152.572603,0,0,0,0,0,0,0,9,7,7,-1,-1,-1,-1,-1,-1,-1,233543.2262,0,239760,0
0.3,0.7,0.5,45.5,30.2,0.7,29.5,27,0.3,0.6,2043.058361,1954.103298,2319.620337,2432.475359,0,0,0,0,0,0,3,7,6,4,-1,-1,-1,-1,-1,-1,235907.3873,0,248802.9,0
49,0.6,0.7,93.7,1.1,30,2.2,1.4,0.3,31.2,2047.377344,2017.810911,2160.185625,2350.757549,2031.785677,3898.263758,0,0,0,0,3,3,0,5,9,9,-1,-1,-1,-1,242715.1401,0,258209.7,0
52.5,49.2,49.3,54.5,0.6,26.3,22.2,0.4,0.2,6.2,2022.186956,2027.342058,2218.17616,2119.562177,2007.289342,0,2032.506676,0,0,0,5,3,2,1,6,9,0,-1,-1,-1,253701.571,0,247871.7,70.816475
50.3,42.8,12.5,13.5,0.4,25.5,3.4,25.5,18.3,0.3,2019.261241,0,0,2926.500441,2013.608594,2017.21231,2002.379319,0,0,0,5,3,2,8,1,7,0,-1,-1,-1,242116.2679,0,242083.8,662.725672
5.2,50.9,0.5,0.8,23.4,2.8,0.6,25.4,20.9,10,2027.033884,2021.857665,0,0,2021.912311,0,2042.310922,0,0,0,4,8,-1,8,1,7,9,-1,-1,-1,235853.7437,14.163295,232052.1,662.825213
0.3,6.8,0.6,1.2,2.3,0.5,0.8,21.3,2,53.7,2011.803505,1916.750269,2569.547933,0,2031.422539,0,2016.832537,0,0,0,9,7,9,-1,9,-1,9,-1,-1,-1,238655.4772,146.7084294,242643.9,0
0.2,0.9,0.7,48,0.6,28.3,0.5,25.9,10.6,27.4,2037.17464,2012.067508,2367.578263,2028.008182,2014.2782,0,2011.843378,0,0,0,9,7,5,3,8,-1,9,-1,-1,-1,245496.9951,279.273472,240741.6,0
0.2,0.6,0.6,61.2,0.5,31.6,0.7,25.6,1.6,14.8,2026.270453,2022.166773,0,1300.156621,987.4328118,2011.684353,1468.362682,0,0,0,5,7,5,3,3,9,3,-1,-1,-1,240831.9161,279.273472,249651.3,341.979413
42.2,15.4,0.7,75.3,0.4,20.3,0.5,49.1,0.3,3.6,2026.17946,1987.264537,2027.560918,2035.780042,2099.150959,2022.410965,2070.352498,0,0,0,7,7,0,3,3,1,5,-1,-1,-1,254202.4695,279.273472,263874.6,0
39.9,19.3,31,79.9,0.6,33.3,25.1,54,0.2,8.2,2012.051964,2026.074328,2006.068647,2007.40282,2063.987517,2032.02852,2040.207141,2012.362487,2353.835552,0,7,2,6,3,3,9,0,7,5,-1,254387.9658,333.5060596,266658.6,0
50.2,0.6,92.5,77,0.4,8.3,25.8,51.6,0.3,13.1,1987.193073,2014.288753,1999.410068,2011.138619,2106.968061,2011.232973,2022.427114,0,0,2017.045069,2,2,6,3,3,9,0,7,5,7,258117.0356,200.9609252,266730.6,172.5424345
96.4,0.9,100,55.6,24,21.2,1.8,25.7,0.2,12.8,1999.123246,1995.678157,2021.911888,2031.081331,2004.1975,2014.300125,2008.540124,2010.711313,0,2022.301581,2,2,4,3,5,9,0,0,-1,7,262221.4081,68.3958826,258037.2,0
25.3,0.7,15.3,97.8,25.4,39.2,0.8,34,0.3,24.3,2019.370129,2034.446769,2018.486326,1997.22919,2067.117812,2006.315865,2024.241849,0,2025.607861,2055.289475,9,7,4,3,5,9,7,0,3,5,259938.2569,102.9043695,262484.1,98.527855
22.7,76,68.1,15.6,2.5,30.9,6.2,29.5,12,17.7,2007.311213,1965.353743,2019.27117,2004.294882,2014.533246,2019.39406,2027.246141,1946.125133,1999.678389,2011.196675,9,1,8,6,5,0,7,1,2,2,266024.2556,102.9043695,260040.9,0
16.4,15.3,54.3,1.7,0.4,77.4,30,23.2,40.1,1,2016.801902,2058.160601,2012.315401,2019.327247,2002.662872,2015.022185,2026.433771,3322.396074,2103.851551,2004.390019,8,7,6,8,5,5,5,8,5,2,264459.7707,54.2140579,255881.1,0
0.2,0.7,50.6,0.9,0.6,89.9,25.8,25.5,32.9,0.5,2017.030147,2012.109538,1999.273309,2037.117824,2034.551344,2042.696007,2010.056227,0,0,2032.620994,8,7,6,8,5,5,5,8,5,2,256775.7521,54.2140579,249840.3,576.4619695
0.2,0.9,14.7,1.3,37.6,39.5,34.1,25.7,30.6,0.3,0,2014.126666,0,2042.363439,2019.299723,2029.54018,2034.642058,2058.136579,2018.918202,2026.924758,8,7,6,4,8,6,6,5,4,8,251582.6573,54.2140579,260116.5,2051.483616
77.2,0.7,0.7,40.5,82.9,3.2,11.3,28.5,13.9,0.4,2009.286084,2021.795447,2021.909611,2022.80918,2016.338458,2019.647761,1748.965417,1967.251303,2006.029215,2016.668689,0,0,7,4,4,4,3,3,4,8,257580.16,134.9979649,252912.9,0
58.1,0.9,27,20.8,45.2,0.5,0.6,25.5,12.9,17.9,2014.125548,2020.769165,0,2033.518255,0,2034.224887,2019.352087,2020.367418,2006.646784,2014.293988,7,0,7,9,1,4,9,2,9,8,254069.9278,545.2946881,257822.1,-31869229233
12.2,36.4,38.7,1.3,45,15,20.4,8.5,30.5,30.4,2027.345664,2046.408815,2703.49236,2001.791063,2042.309569,2037.233544,2042.889186,2053.167929,2011.285676,2012.394687,5,4,8,8,9,4,1,6,9,2,260910.0691,525.5891171,251229.3,0
0.3,8.1,9.8,36.9,50.3,27.5,40.5,0.5,6.5,14.7,2027.355261,2014.257556,0,2016.657896,1307.879258,2023.263609,1264.883795,1992.070155,2016.766537,1250.461791,5,6,8,6,3,4,3,4,9,3,247773.2531,0,254250.3,-119.336676
0.3,0.7,0.6,65,64,25.6,32.3,0.5,0.2,25.6,2017.201164,2014.315114,2021.886129,2004.402852,1340.464174,2021.773157,1284.340688,2026.687981,2019.347013,21.97364093,5,6,9,4,3,4,3,4,9,3,252514.0011,0,252792.3,0
18.5,10.4,0.7,52,44.2,41.7,25.9,0.4,0.3,17.4,2012.2144,2032.557134,2027.024262,2027.346239,2068.305014,2032.108597,0,2021.353948,2059.692241,2008.940141,5,6,4,5,3,4,4,9,0,1,259055.1481,0,267148.8,-63738459192
50.3,51.4,0.5,96.8,28.1,51.2,25.7,0.6,0.3,13,2012.225808,2022.351709,2047.522471,2022.265323,2007.88978,0,2032.774795,2016.844897,2021.198752,1979.040954,5,6,4,5,3,4,3,9,0,1,266958.7182,0,269807.1,1805.631609
50.6,13.1,47.3,53.6,27.1,48.3,25.9,22.9,9.9,13.1,0,2014.183434,2021.914244,2017.896081,2059.951296,2039.619599,2014.090321,2016.836922,2009.989455,2008.731107,5,6,4,5,3,2,7,9,0,8,258653.2212,0,269582.7,867.179705
50.3,48.1,42.9,50.9,25.5,25.5,34.3,24.7,2.8,12.9,2019.572028,0,2011.882236,2022.192514,2017.9385,0,0,2019.364137,2010.75841,2047.976465,1,6,4,5,3,2,7,9,0,6,256167.1587,0,271557,1141.886205
14.6,50.8,52,98.4,25.7,50.5,26,16.1,0.3,13.1,2008.620275,2003.981287,2016.821922,2014.219717,2026.802926,2148.031336,2016.921562,2016.797788,2032.349455,2014.313758,1,3,4,5,3,2,5,9,7,6,267258.0771,0,260980.2,0
0.2,51,8.6,90,24.2,23.7,46.8,7.6,0.2,22.1,2030.574912,2029.988355,2012.169181,2019.271207,0,0,2034.616193,1999.194953,2016.861654,2002.353701,1,3,5,9,3,2,9,6,4,6,261147.3454,0,258006,279.947599
0.3,51.1,25.9,53.9,8.2,29.4,30.2,0.4,10.9,33.8,2012.435945,0,2021.893091,2016.290622,2014.26368,2030.087891,2063.564035,2039.679672,2042.466828,2017.284945,1,3,9,9,9,3,5,8,2,6,254530.6211,0,260279.1,19.610468
3.9,4,3.9,9.1,3.7,3.7,20,3.7,3.7,3.6,2326.526451,0,0,0,0,0,0,0,0,0,6,-1,-1,-1,-1,-1,-1,-1,-1,-1,221923.9925,0,226726.8,0
0.1,0.1,0.1,0.1,0.1,0.1,0.4,30.5,18.6,0,3258.755981,2603.677981,0,0,0,0,0,0,0,0,8,7,-1,-1,-1,-1,-1,-1,-1,-1,230029.6562,0,233326.8,0
0.2,51.5,0.1,0.1,0.1,0.1,28.6,0.6,0.9,12.6,2682.726544,2128.318216,2014.503129,0,0,0,0,0,0,0,6,1,9,-1,-1,-1,-1,-1,-1,-1,235208.325,0,238486.2,0
0.2,3.1,49.2,0.1,0.1,28.6,16.3,28.8,0,2.1,2381.251149,2318.565933,2024.105934,2037.280325,0,0,0,0,0,0,5,7,6,2,-1,-1,-1,-1,-1,-1,239427.0473,0,235518.9,0
0.1,0.1,43.6,0.2,0.1,10.2,25.2,30.5,0.1,0.1,0,0,2013.13606,0,2017.184284,0,0,0,0,0,5,7,6,2,7,-1,-1,-1,-1,-1,228699.1804,0,232060.5,634.655005
0.2,0.1,0.1,49,0.1,0.1,5.5,23.2,0,9.1,2048.436737,0,2019.599035,0,0,0,0,0,0,0,3,-1,9,-1,7,-1,-1,-1,-1,-1,228832.1095,0,232613.1,275.60683
0.2,0.2,49.1,1.9,0.1,22.7,0.1,17.4,0,3.2,2017.269042,2014.435361,2019.292264,0,0,0,0,0,0,0,5,2,7,-1,-1,-1,-1,-1,-1,-1,233296.022,126.931001,239943.3,0
0.1,0.2,40.4,45.1,0.1,1.9,30.2,25.2,0.1,0.1,2026.388716,0,2009.150339,2381.692875,0,0,0,0,0,0,3,2,7,6,-1,-1,-1,-1,-1,-1,234111.3812,182.052367,235368.6,240.424117
0.1,0.1,0.1,50.2,0.1,0.1,0.6,33.8,21.8,0.1,2021.745955,2017.955851,2012.90443,2581.790317,0,0,0,0,0,0,3,8,8,7,-1,-1,-1,-1,-1,-1,237883.9391,182.052367,244216.8,0
44.5,0.1,48.7,4.4,24.4,22.5,17.1,1.9,3.5,0.1,2009.256099,2022.112884,2013.101702,2136.437629,2012.224852,0,0,0,0,0,5,0,6,2,4,-1,-1,-1,-1,-1,245837.4542,230.1371904,251396.1,0
50.2,52.4,3.4,0.1,53.1,25,25.2,0.1,0.1,0.1,2014.247148,2030.857059,2016.153103,2428.65873,2037.624401,2127.498264,0,0,0,0,5,0,6,4,4,1,-1,-1,-1,-1,254375.2978,230.1371904,247324.5,0
4.8,2.2,66.6,0.2,32,31.8,6.1,25.1,9.5,0.1,0,2010.917441,2008.021659,2700.462409,2012.30886,2368.29201,2004.213569,0,0,0,5,2,8,5,2,4,7,-1,-1,-1,249938.3974,103.2061894,241193.7,955.879494
0.1,0.1,14.4,0.1,34.7,41.1,0.1,22.2,21,0.1,2348.048083,2022.290871,2015.521778,0,2015.491342,0,0,0,0,0,5,4,8,5,8,4,7,-1,-1,-1,237344.4466,48.0848234,235401,663.6349597
0.1,0.2,29.4,0.2,25.1,7.5,0.1,0.1,15.8,18.9,0,2017.278709,2012.836921,2768.62383,2029.095697,0,0,0,0,0,5,4,8,9,2,-1,-1,-1,-1,-1,240187.96,239.2607222,245175.6,65.974108
0.2,49,50.2,29.8,2.1,0.1,29.5,0.1,13.9,0.2,1992.60221,2013.014576,2020.718624,2314.739947,2014.650867,0,0,0,0,0,1,8,3,6,2,-1,-1,-1,-1,-1,247474.0547,323.9028907,248819.4,0
0.2,10.5,50.3,50.2,37.2,22.9,26.5,0.1,0.8,0.1,2006.410759,2014.386561,2030.390428,2211.766829,2003.551128,2016.110159,0,0,0,0,4,5,3,4,2,6,-1,-1,-1,-1,253307.422,337.0977123,254013.9,0
30.3,0.3,50.3,13.4,28.2,25,25.3,30.5,16.6,0.1,2017.026735,2027.241289,2016.267861,2884.07731,2016.605743,2003.121686,2312.203795,0,0,0,4,5,0,8,2,6,7,-1,-1,-1,257328.3185,337.0977123,252544.2,0
13.1,44.8,50.2,0.2,25.1,26.3,18.9,23.7,10.4,0.1,2022.275466,2015.85714,2002.616898,0,2009.243535,2015.406621,0,2022.394401,0,0,4,1,6,8,2,7,7,5,-1,-1,252763.5235,337.0977123,250960.8,537.7343075
0.2,4.7,61,77,6.7,21.9,6.5,26.2,0.1,8.4,2011.660424,2004.185362,2019.608053,2017.440428,0,2012.302252,0,2017.01944,0,0,3,7,2,3,2,5,-1,9,-1,-1,253261.6974,145.9218135,242834.1,1095.666459
0.2,0.3,13.1,28.4,0.1,3.8,32.1,50.5,15.3,2.7,2009.977389,2006.575426,2010.512915,0,1998.923789,2006.081321,0,2009.693301,0,0,8,7,8,3,7,6,-1,6,-1,-1,249890.1714,120.7416831,251582.4,118.060854
0.1,90.9,44,35.9,0.1,0.1,29.1,2.3,25.3,0.1,2005.010786,2007.993456,2004.974268,1990.679369,2026.606783,2017.507212,0,2016.147432,0,0,8,2,8,1,1,3,-1,6,-1,-1,256059.6046,326.6801533,251667,0
28.1,7.4,39.9,50.2,28.7,0.1,25.2,0.1,39.2,0.1,2038.400808,0,2019.649407,2701.66892,2018.055261,2024.06785,2038.408131,2008.116221,0,0,8,2,0,4,8,3,8,6,-1,-1,254449.0157,350.2923241,252689.4,2636.361188
50.1,0.2,24.6,8.5,43.1,0.1,54.1,0.1,33,0.1,2019.519422,2194.94701,2005.513756,2762.21532,2007.982204,1935.249143,2017.299233,2023.261267,0,0,2,6,0,8,8,4,4,6,-1,-1,251841.8333,350.2923241,260286.6,0
50.1,29.7,57.4,36.5,7.7,0.1,11.8,60.2,9.9,0.1,1991.105056,0,2022.563371,0,2007.896384,2027.823199,2007.228456,2010.11041,2019.586959,0,7,6,0,8,7,3,7,1,2,-1,253308.9831,877.5645617,263281.2,398.1662875
97.3,50.5,36.5,50.2,0.1,0.1,0.1,75.9,0.1,0.1,1975.982562,2012.745385,2020.528063,0,2002.27084,2016.544357,2006.787484,2011.71909,0,0,7,0,0,-1,7,3,7,1,2,-1,260054.9889,770.0177002,250578,212.883374
100,50.4,0.2,7.9,0.1,20.1,0.1,32.9,0.1,12.6,2012.230962,2003.635236,1958.468232,2004.044763,0,2033.597696,0,2013.724622,0,0,7,0,0,9,7,5,7,1,-1,-1,249984.8383,630.5176659,247911.9,782.871815
18,50.5,0.1,0.2,0.1,42,0.1,55.1,0.1,12.7,2002.227723,0,2022.366521,2017.086473,2476.222106,2015.834403,0,2010.901649,0,0,7,0,5,9,7,5,-1,1,-1,-1,251446.8536,649.4821699,259348.8,44.351406
0.2,50.4,0.1,48.2,0.2,75.1,12.8,59.5,0.1,2.5,1974.88794,2016.29477,2028.043533,2021.152818,0,2019.892235,2121.550075,2007.481743,2020.216614,0,7,5,5,6,7,5,7,1,3,-1,253298.4364,806.0565329,263211.6,31.538293
0.2,50.5,0.1,50.2,23.7,75.7,25.2,29.9,0.1,12.6,1999.229029,2012.81594,2027.964306,2011.095118,2022.424115,2024.275176,0,2019.047138,2044.492179,2014.536195,7,5,5,6,4,5,7,1,3,9,266682.9502,287.6545765,256924.2,28.135372
0.2,12.8,0.1,50.2,29.8,52.1,7.1,21,30.5,22.6,2026.719401,2017.290561,2034.739614,2017.219657,2010.673537,2032.008655,3191.735979,2017.300485,2016.342,2014.578124,9,4,5,7,8,5,8,4,3,9,270455.837,293.9622351,251790.9,0
0.1,0.2,0.1,11.3,30.5,74.8,8.8,25.3,19.5,15.5,2016.219556,2022.254565,2020.946136,2009.217534,2013.010068,1965.403744,0,2006.474084,2011.116475,2010.080468,5,4,5,7,8,5,8,5,6,9,261002.6749,219.956052,253905.6,90.184025
0.1,0.3,0.1,0.3,46.5,42.8,55.7,28.2,9.2,8.7,2006.548846,2012.948881,2015.405633,2006.653059,2032.876748,1994.744132,2009.208533,2009.164206,2028.178269,2006.120673,9,6,8,6,7,6,4,5,4,6,265745.614,177.3793772,258054.6,0
0.2,0.2,41.7,24.1,10.7,47.3,57.6,1.9,21,23.8,2011.54172,1998.150995,2004.934039,2078.01369,2008.992148,2006.133383,2022.39433,2017.30713,2015.524432,2017.087399,9,6,8,3,2,6,5,5,8,9,268802.9996,38.8418192,263926.5,0
40.6,0.3,40.4,50.2,0.1,50.6,50.6,0.1,25.3,14.5,2017.085169,2002.651852,2013.016388,2021.957205,0,2003.05904,2017.403667,2015.645193,2020.543583,2013.471591,9,6,8,3,2,6,5,5,8,0,268589.4134,29.971538,258259.2,1137.229415
50.4,0.2,0.1,50.2,0.1,31.8,50.6,0.1,25.3,31.2,2006.349684,2015.828483,2020.540918,2019.683184,2724.565365,2011.115556,0,2017.399373,2013.040428,2014.372074,9,6,8,3,9,6,5,5,8,0,265883.2144,23.6638794,262980.3,364.621328
7,49.3,38.4,50.2,0.1,45.4,50.4,0.1,15.6,14,2015.672856,2016.151376,1997.846508,2031.597464,2215.691,2012.891871,2037.718259,1968.573654,2018.035963,2001.369325,2,6,5,3,1,9,5,2,8,6,268941.1841,245.482688,261383.7,0
0.2,50.3,100,13.8,21.8,7.8,65.9,0.1,21.5,1.7,2081.671025,2003.117966,2010.041179,2010.457897,0,2008.648261,2018.11764,1981.856396,2020.568963,2019.259001,2,6,6,8,1,1,6,2,8,4,263490.8267,318.4069536,264695.7,373.16243
86.7,70.3,30.2,28.6,3,13.2,14.7,25.8,15.8,11.4,2017.42359,1978.874767,2008.822339,2018.025147,1971.769719,2000.520183,2017.082095,2014.087214,2021.573606,2024.133503,5,7,7,8,0,1,9,1,3,0,270027.1112,300.3701486,253008.9,0
10.6,21.2,0.1,50.3,25.8,27.4,0.1,12.4,20.8,46.4,2015.50204,2007.0144,2007.33353,2013.030834,2916.602688,2012.080398,2017.088478,2012.269153,2001.999808,2048.052432,8,9,4,8,9,9,9,4,3,5,267210.8381,375.0026346,252668.4,0
36.7,30.9,0.1,15.7,34.4,21.3,0.1,21.6,23.8,22.2,2013.007877,2013.032773,1998.540961,2006.534316,0,2018.385721,2014.815568,2010.305654,2016.524054,2047.944583,8,8,0,9,9,5,7,1,0,4,258513.9259,375.0026346,263607.3,399.607384
61.2,50.5,0.1,0.3,39.1,19.6,0.1,72.2,25,3.3,2017.31958,2010.098792,2014.497923,2008.032232,2112.274327,1988.329506,1961.579289,2012.740841,1997.37016,2002.345052,5,8,0,8,7,7,7,1,4,4,266058.1071,147.5567516,257788.5,0
50.3,13.8,0.1,0.2,66.4,44.2,0.1,34.2,25.3,0.1,2020.366149,2018.037601,2011.005502,2002.481711,0,2027.470144,2017.146778,2034.129827,2032.50445,2030.358113,5,8,0,8,7,5,7,4,4,4,255888.6508,154.5539628,261949.8,44.599346
50.5,0.3,0.1,0.3,75.7,50.4,48.1,1.6,25.3,0.1,2028.408549,2018.046234,2028.188207,2015.531127,2031.347973,2007.296692,2011.133584,2027.242155,2008.204293,2036.889948,5,8,0,8,6,5,6,4,4,4,263149.928,154.5539628,258139.8,0
15.3,0.2,36.5,0.2,17.5,63,64.6,0.1,23.5,8,2030.472599,2017.08903,2018.047872,2008.057844,2013.869187,2004.830622,2000.698367,2008.948556,2026.342096,2018.112579,5,9,8,6,6,5,6,8,5,2,262620.1772,88.841346,257000.4,0
0.2,28.3,7.1,0.3,39.9,57.1,49.6,19.4,15.7,3.4,1986.430489,2031.610639,2008.478914,2017.192167,2017.238202,2009.369224,2011.071705,2008.054768,2017.396751,2026.311864,6,4,1,4,7,5,6,8,5,4,267437.0362,88.841346,259224.6,0
0.2,14.7,29.5,0.2,36,50.5,31.8,40,23.4,8.1,2008.154411,2014.56897,2018.722387,2022.269826,2015.581607,2032.21538,2010.973843,2007.916221,2002.4197,2007.227954,7,9,2,4,8,5,6,8,5,7,260211.1287,88.841346,255023.7,0
46.1,52,12.6,0.3,22,28.7,28.3,31.3,4.2,3.5,2011.02328,2000.478171,1998.568571,2009.287769,1188.093109,2003.644815,2022.264787,1348.451868,2014.264112,1489.137012,0,6,6,5,1,0,7,1,4,1,266119.9867,8.9198692,260043,0
29.3,26.3,0.1,29.4,21,23.3,50.6,33.8,9.3,21.4,2017.218432,2016.10955,2003.465779,2017.242613,2017.081432,2010.409624,2014.033462,1982.609521,2014.371042,1996.654644,4,6,6,3,9,8,9,7,5,7,267137.1754,8.9198692,259097.1,0
0.2,42.9,21.1,52.4,44.5,7.3,29.9,8,28,10.2,2022.215653,2017.542286,2015.477266,2022.081878,2021.213113,2015.508677,2025.120874,2010.530465,2003.122776,2069.578989,4,2,8,9,4,8,1,8,6,3,269920.124,0,255192.6,0
0.2,57,73.8,5.7,31.7,36.9,6.4,0.1,17.5,3.3,161.6692302,1999.562965,1001.945867,2016.999661,2009.253551,2013.003019,1216.612626,952.6644029,2004.906952,2023.078644,1,2,1,5,4,8,1,1,2,5,255722.1261,0,261016.8,0
0.2,94,100,0.3,25.1,50.4,0.1,0.1,12.6,7.8,2022.129775,2026.539829,1274.611406,2022.410925,2018.578498,1999.987401,1259.175906,1266.851617,2004.740055,2003.37124,9,2,1,5,4,8,1,1,2,5,261439.111,0,264363.6,0
26.3,60.8,100,0.2,25.1,8.2,43.1,0.1,12.6,21.4,2019.608918,1996.18274,2014.566671,2021.852481,2017.290684,2007.480463,2021.19013,2011.506804,2009.763985,2021.168434,9,2,9,0,4,8,6,1,2,6,265552.5167,0,262046.1,0
55.8,50.4,29.1,0.3,24.2,16.6,44.1,22.3,1.9,22.6,2017.084681,2008.091181,2012.396484,2022.131264,2070.623779,2017.302834,2020.518876,2016.574325,2011.138918,2022.272824,9,6,5,9,0,4,6,1,6,7,271360.1261,0,263859,0
50.3,50.4,0.1,0.3,25.3,25.8,88,2.2,11.4,15.8,2007.657644,1980.201466,2022.432529,2020.079149,2023.71536,2017.107922,2005.462466,2024.395358,1960.356701,2012.927969,6,6,5,9,0,4,6,1,6,8,269545.4183,0,260127.9,0
10.6,50.5,41.1,0.2,45,6,38.3,22.5,12.6,21.1,2008.123651,2013.497323,2022.115799,2019.55957,2011.155867,2014.280267,2008.313385,2006.415613,2012.237852,2013.018114,6,7,9,9,4,4,2,1,7,8,267698.7642,0,251559.3,0
0.2,13.2,4.9,53.3,9.9,21.8,6.4,64.7,1.1,25.9,2014.235628,2000.359386,1056.668344,2017.080134,196.8348408,2019.474761,1159.223114,1062.884378,1999.693864,2027.475084,7,7,3,9,3,9,3,3,7,5,255841.7064,0,257514.9,0
0.2,0.2,0.1,95.1,0.1,25.1,18.6,75.8,0.1,36,2020.065052,1997.317936,2070.150917,2017.087042,2016.148932,2012.066222,2009.050924,2017.365449,2005.913476,2017.230339,7,7,3,9,6,9,9,3,7,5,261937.0624,0,262376.7,0
76.7,21.6,20.8,59.9,12.7,25.2,4.3,25,15.1,16.2,1968.107975,2024.401571,2027.756445,2021.045864,2003.41005,2014.492626,1989.689399,2010.47588,2038.136328,2022.449684,2,4,3,8,0,9,0,8,1,5,269149.1496,0,260805.6,0
54.6,13.5,39.6,13.6,41.2,25.2,32.5,16.1,25.7,1.8,2013.691252,2016.636878,2017.995135,2029.998912,2028.296857,2016.129571,2012.996885,2015.909794,2022.223422,2022.404495,6,4,8,2,0,6,8,4,7,5,265966.8567,0,261304.2,0
9.5,38.3,54.3,0.7,31.8,17.3,50.6,25.2,15.2,11.4,2006.130542,2016.799774,2002.94863,2022.300741,2046.548137,2003.122924,2012.911598,2026.218399,2023.497996,2011.580763,6,5,2,4,1,6,8,2,7,9,268457.1559,0,266778,0
0.2,9.3,100,38.8,46.9,25.2,50.6,25.2,12.6,1.1,2003.120899,2032.494736,1978.156191,2009.17876,2018.04483,2011.116451,2015.408578,1981.55733,2014.241687,2017.268927,6,5,2,4,3,6,8,2,7,4,271272.6542,0,262614.9,0
0.2,0.3,59.5,8.1,66.4,39.7,48.9,6.5,11.2,12,2002.679115,2029.611287,2016.467514,2008.018696,2027.789092,2012.283801,2030.586917,2013.713576,2022.44495,2012.260548,6,5,4,4,6,8,9,2,5,4,266095.0844,0,259948.5,0
42.2,32.4,11.3,28.2,38.9,33.6,32.8,38.8,1.8,0.7,2003.478734,2011.841,2029.310341,2014.586209,2014.711589,2032.572607,2017.334011,2011.681164,2021.19179,2017.251246,7,6,3,0,0,5,7,1,6,4,272876.634,0,271587.3,0
100,50.8,28.3,50.3,25.1,25.1,32.1,30.9,8.9,0.1,2004.510675,2015.543281,2019.975316,2016.806373,2007.253316,2017.36976,2008.021476,2023.672721,2021.1244,2017.277545,2,8,3,0,0,5,7,1,6,4,271406.1543,0,262625.7,0
26.2,12,39.3,50.2,53.1,42.9,32.3,1.4,15,0.1,2019.318279,1997.411153,2043.629529,2013.13627,2017.363228,2017.366529,2015.526305,2021.341169,2021.3726,1998.70861,4,6,3,6,5,5,8,4,2,4,270323.2322,0,254844.3,0
35.2,25.6,14.1,13.8,51.1,21.4,33.6,0.1,0.6,34.3,2014.561438,2013.95548,2016.036197,2015.225261,2019.517309,2027.427572,2014.548018,2023.816086,2006.538765,2014.084161,9,5,6,4,0,4,9,1,9,9,264658.9719,0,261573.6,0
50.3,50.4,0.1,0.2,50.4,39.2,25.2,0.1,8.9,31.5,2004.262528,2032.589117,2008.112441,2022.288794,2008.457403,2009.791142,2012.028804,2011.697053,2015.510731,1996.551825,5,5,6,4,0,4,9,1,8,9,265884.6344,0,266176.5,0
50.3,50.5,0.1,0.3,50.4,50.5,47.8,0.1,12.6,13.6,2031.424159,2009.001803,2016.152717,2012.274871,2014.354819,2012.008388,2011.556016,2031.502929,2013.02827,2008.067636,5,5,6,4,0,4,9,1,8,6,266011.0414,0,257755.5,0
9,50.4,28.4,0.2,64.7,15.7,31.6,0.1,22.6,10.9,2007.777864,2007.295991,2030.833655,2017.254764,2034.397172,2012.395398,2013.052635,2017.761,2010.916782,2021.198098,8,2,4,4,9,4,8,1,2,6,263071.2116,0,263956.2,0
40.4,50.4,100,0.3,74.6,0.2,2.5,0.1,35.6,1.7,2010.410832,2016.804643,2000.900699,2031.955914,2030.201688,2009.770199,2010.513982,2019.605779,2010.067687,2015.694909,8,2,4,4,4,8,8,1,2,0,263229.5429,0,256611.3,0
7.5,13.6,61.1,0.2,59.3,15.1,27.7,0.1,24.2,19.7,2015.035706,2024.80252,2014.549854,2028.384621,2036.222776,2010.485877,2015.033832,2021.156943,2015.520152,2012.088094,6,2,9,5,4,8,9,6,8,4,265815.532,0,259769.4,0
0.2,0.2,50.2,23.9,50.5,25.2,49.1,0.1,15.6,25.3,2021.981838,2004.56743,2019.60201,2022.491002,2002.307077,2015.524093,2017.091924,2016.086105,2018.157431,2030.360905,3,2,9,5,4,8,9,6,6,4,267647.9941,0,258496.5,0
40.4,0.3,15.5,40.3,7.6,42.8,52.3,0.1,27.1,12.2,2007.928707,2065.349067,2012.335737,2020.564254,2051.946835,2000.55258,2013.207637,2023.185735,2017.0775,2021.901062,8,3,5,8,6,8,5,6,9,0,270756.7467,0,257291.7,0
50.3,30.1,0.2,15.3,16.5,31.7,30.5,16.5,28.5,14.3,2019.41096,2012.390756,2015.180966,2015.474132,2003.107532,2020.561215,2008.713588,1998.345817,2022.265568,2020.321919,5,5,4,8,6,8,9,1,7,0,264932.0698,0,260778.9,0
6.6,50.5,0.1,0.3,46.8,50.5,25.2,25.3,25.3,12.7,2012.407001,2022.457979,2023.601508,2015.517195,2013.123126,2010.558104,2014.566005,2009.044314,2012.235002,2022.339055,5,5,4,8,6,8,9,1,7,4,263317.6576,0,254973.9,0
0.2,12.5,0.1,0.2,75.2,15,39.5,25.2,24,12.6,2023.831501,2003.163969,2021.945779,2013.007293,2001.183798,0,2014.575676,2018.262813,2004.219877,2025.628396,4,6,4,8,6,8,9,4,7,4,260401.7521,0,261532.5,7167.124872
0.2,0.3,0.1,49.3,80.5,0.2,63.2,25.2,12.7,12.7,2003.284922,1998.758123,2012.133519,2018.009071,2005.888249,2141.312713,2014.565102,2008.332328,2012.094828,2027.405955,6,6,4,8,6,3,9,4,7,4,268233.7614,0,257121.9,0
0.2,26.5,0.1,10.9,75.7,0.1,75.8,6.7,12.8,12.7,2020.413546,2011.071813,2016.308289,2012.861873,2000.66184,0,2017.061611,2022.335216,2013.736119,2003.987494,6,6,4,8,6,3,9,4,1,4,264584.7827,1433.424974,262056.6,40.196306
43.6,50.5,29.7,0.3,57.1,0.2,54.7,0.1,31.6,0.8,2016.130425,2008.115176,2027.263456,2028.15755,0,2757.271668,2008.895783,2032.424074,2008.92114,2017.198408,6,6,2,8,6,8,0,4,1,4,262039.5682,1433.424974,260362.2,5730.642042
5.4,14.2,50.2,0.2,73.5,0.1,63.4,0.1,19.8,18.6,2001.181818,2004.263236,2020.761542,0,3705.641059,2851.665482,2001.488836,2015.886761,1992.018291,1997.609383,6,6,2,8,8,9,4,4,6,4,264245.4962,1441.464236,255441,6893.53113
46.4,0.2,14,0.3,56.9,0.2,75.7,0.1,6.2,17.1,2008.11753,2016.136353,2017.963402,2014.636452,0,0,2019.522844,2002.258909,2000.58058,0,6,6,4,0,8,9,9,4,6,4,251045.2876,2587.592644,259944,2902.912049
4.3,22.1,48,47.3,30.1,51.8,23.5,0.1,9.8,13.3,1490.128124,1408.326186,2032.436534,1328.924253,2019.251356,2528.174719,1997.451672,2040.992375,2041.410917,2014.657759,2,2,4,2,3,5,5,8,1,9,263916.4906,3966.29887,261830.4,0
0.2,50.5,99.8,74.2,25.1,6.8,0.1,0.1,12.6,24.7,2016.787884,2009.195608,2023.820527,2028.712856,2029.741633,0,2017.059616,2015.531435,2017.79612,2017.003605,3,2,4,2,3,5,9,8,1,9,266425.2177,3113.456305,258063,35.610412
0.2,50.5,55,60.5,25.1,0.1,0.1,0.1,32.3,29.3,2010.448614,2027.407352,2022.283188,2017.078636,2035.865995,2003.045547,2012.074963,2013.023017,2028.869671,0,8,2,4,9,3,8,9,8,1,9,266989.6334,3113.456305,258614.7,99.239895
22,17,50.2,8.7,62.2,14.4,0.1,29.1,17.4,21.6,2013.672136,2000.226658,2018.688253,2014.637786,2008.460937,2017.292816,2027.380071,2013.020418,2020.09063,2589.199955,5,2,4,9,0,4,4,8,9,7,266824.1074,3112.539127,259024.8,0
50.3,1.5,16,0.4,75.7,39.2,22.8,3.4,12.9,13.5,2012.329203,2014.384241,2015.212526,2003.097658,2020.808242,2016.397947,2001.96393,2007.502052,2017.085732,0,5,5,4,6,0,4,4,8,9,7,261298.243,1986.258697,256834.2,11.313063
13,0.3,27.8,29.4,37,39.7,25.2,13.7,28.9,12.7,2012.957045,2017.233917,2020.050396,2020.844148,2018.046323,2009.29203,2017.182838,2005.528274,2017.045215,2017.410226,8,7,2,6,8,3,4,8,9,5,263687.9498,607.5524711,255214.5,0
29.4,0.2,53.5,15.3,25.1,19.8,2.6,34.8,30.1,12.9,2015.451919,1992.410926,2029.702119,2008.338329,2015.497686,2022.406132,2023.498087,0,2017.085077,2007.229828,8,7,0,2,8,5,4,8,9,7,258484.1175,29.232674,257649.3,7901.101343
14.2,0.3,43.2,0.3,55,25.2,26.3,33.9,14.8,12.7,2007.521294,2008.055135,1987.043615,0,2012.278727,2027.49111,2017.509499,2258.771381,2017.078135,1984.510345,8,6,6,2,4,5,7,4,9,4,263817.0691,29.232674,257422.5,1456.461447
27,27.9,0.1,0.4,37.7,40.3,14.8,40.5,12.6,22.2,2005.972219,2027.712894,2010.743459,2834.78307,2007.947522,2009.409191,2011.899489,0,2029.002885,2023.285367,7,4,1,9,8,5,7,4,0,5,262888.3231,1602.33086,266351.1,109.892013
15.1,97.2,0.1,28.4,7.4,74.2,28.9,40.5,2.3,10.6,2002.267647,2042.470976,2018.492728,2401.135991,2011.509378,2015.560823,2018.240303,2018.84431,2004.218881,2023.689613,7,3,1,6,9,5,5,1,7,5,271658.134,1873.775171,253978.5,0
