29.3,5.3,2.5,2.5,2.2,2.2,2.2,2.2,2,2,2012.3179,0,0,0,0,0,0,0,0,0,0,-1,-1,-1,-1,-1,-1,-1,-1,-1,228842.1,0
50.3,0.2,0.1,0.2,0.1,0.1,25,0.1,0,0,2031.341744,2024.768772,0,0,0,0,0,0,0,0,0,6,-1,-1,-1,-1,-1,-1,-1,-1,229254,0
1.1,0.2,0.1,0.1,0.1,24.3,25.2,0.1,12.6,0,2012.609137,2016.513643,2017.131889,0,0,0,0,0,0,0,5,6,8,-1,-1,-1,-1,-1,-1,-1,240899.1,0
84.3,0.2,0.1,52.8,0.1,0.9,1.1,23.6,0.5,0,2025.629825,2014.124269,2008.718468,2125.485032,0,0,0,0,0,0,7,0,0,3,-1,-1,-1,-1,-1,-1,242643,0
51.9,50.5,0.1,1.1,0.1,0.1,0.1,24.9,0.1,30.5,0,2017.159142,2007.296493,2211.403718,3324.362504,0,0,0,0,0,7,9,0,1,9,-1,-1,-1,-1,-1,241386.3,897.158598
60.8,15.2,52.4,0.1,0.1,0.1,23,0.1,0.1,6,2215.537089,2011.456183,0,0,0,2027.403168,0,0,0,0,2,6,0,1,9,0,-1,-1,-1,-1,234347.4,277.142064
10.1,0.2,1.1,0.2,0.1,11.8,1,77.6,0,0,2128.912889,1982.975629,2101.12128,0,0,2027.43767,0,0,0,0,7,7,7,-1,-1,5,-1,-1,-1,-1,240537.6,0
0.4,50,0.2,0.1,24,30,0.2,25.8,6,0,2541.91777,2008.047433,2250.583447,2013.801847,0,2017.012756,0,0,0,0,5,7,1,4,-1,8,-1,-1,-1,-1,246523.8,0
0.2,2.1,29.2,91.9,52.7,14.5,0.3,1,1.8,0.1,2000.950786,2015.971339,2216.436049,2016.859724,1991.971473,2017.312653,0,0,0,0,3,3,4,5,4,2,-1,-1,-1,-1,246070.2,0
0.3,0.1,96.3,16.5,40.1,25.2,0.2,15.1,0.1,0,0,2002.046572,0,2027.474977,2018.015024,2030.745724,2046.443213,0,0,0,3,2,4,5,7,2,4,-1,-1,-1,242910.9,853.1126325
0.3,0.1,89.3,14.3,25.3,25.1,0.2,1.7,10.9,0,2012.216868,2019.47081,0,2035.2906,2019.619288,2001.684997,2011.782094,0,0,0,2,2,-1,5,8,3,4,-1,-1,-1,246070.2,0
17.4,0.2,51.2,59.7,6.1,25.1,0.2,0.1,21.1,0,2010.922931,0,2765.267211,2027.402486,2030.599315,1986.130221,2023.713375,0,0,0,2,2,8,5,0,3,3,-1,-1,-1,251314.5,1790.614892
41.2,51.5,3.3,100,9,25.1,0.2,0.1,5.3,0,2008.5784,2242.98416,0,2017.366819,2011.870957,2009.886166,2002.156471,0,0,0,0,1,8,5,4,3,3,-1,-1,-1,253728.9,72.301916
50.6,2.5,0.2,55.2,25.4,34.9,53.7,0.1,0.1,0,2021.135533,2395.035191,1996.679726,2019.513159,2011.868978,2019.890866,2027.44845,0,0,0,0,6,6,5,4,3,5,-1,-1,-1,244565.4,0
4.1,0.2,70.4,8.9,16.7,8.6,1.2,7.3,11.6,36.2,2017.2397,2595.809572,2008.517063,2021.264107,1992.333527,2020.553403,2013.152166,1950.14091,0,0,8,9,2,7,9,4,2,9,-1,-1,247151.4,0
12.9,0.1,54.4,0.3,7,0.2,0.1,49.8,12.6,37.6,2017.584469,0,2008.650304,2016.191328,2019.703076,2003.152265,2017.6699,2014.656571,2026.343705,0,8,9,2,7,9,0,9,9,7,-1,248300.4,675.311511
53.2,0.2,2.8,0.3,0.4,20,21.4,27.5,25.2,25.8,0,2752.27549,0,2016.2385,2017.151013,2019.580018,2022.214089,2013.643801,2066.477669,2058.417367,8,8,4,7,9,8,9,6,5,0,254745.3,-31869543356
4.4,75.2,0.4,80.8,12,5.4,16.1,25.2,3.4,15,1986.133713,1138.226812,0,2021.277976,1357.579707,2028.515909,2019.644977,2017.589507,2018.698083,1617.092679,1,3,-1,7,3,4,9,1,6,3,261551.7,0
0.5,53.8,0.3,97.4,25.6,20,37.7,25.3,0.1,18.9,2840.442014,1292.8378,1791.975632,2015.141378,1381.827083,2011.817564,1986.938478,2017.528768,2013.632826,2019.324195,9,3,3,7,3,4,6,1,6,5,247428.3,0
4.9,11.1,0.3,17.5,16.3,9.4,86,13.2,6.9,7.7,2031.749297,1995.372975,2022.567807,1942.849067,2027.406046,2016.24242,2007.907703,2047.527715,2019.68486,2019.616739,6,6,0,6,5,7,6,4,9,8,259632.3,0
50.8,20.5,0.3,0.6,6.5,58.8,67.7,5.7,12.7,12.7,2221.115702,0,2030.604515,2003.629069,2001.953775,1980.744738,1988.776513,2014.672173,2014.8054,2017.100808,5,6,0,6,5,5,6,1,9,8,268869.6,762.514883
84.4,50.5,0.3,77,0.4,29.2,3.8,51.6,12.7,12.7,1989.255917,2389.075558,1916.719084,1936.357281,2017.297287,2008.227009,1197.776018,2014.27761,2019.472344,2014.548381,3,7,0,7,5,0,3,1,9,8,263714.1,0
100,50.5,0.3,27.3,8.1,53.8,0.2,25.8,12.7,12.6,0,2213.248129,3201.909671,2026.345862,2004.165707,3191.463065,2013.833139,1999.627943,2009.090516,2021.99868,3,5,0,7,5,0,4,1,9,8,261876.6,1289.596394
100,50.5,0.3,36.2,25.8,31.9,0.2,8.2,7.8,25.3,2001.550399,0,3145.976011,2014.07389,2016.368722,3060.036286,2008.933106,2019.39092,2019.695874,2060.585489,9,5,0,8,5,0,4,1,9,3,265614.9,338.027772
75.9,50.4,0.3,50.7,50,25.4,0.2,2.8,12.7,25.3,2006.63503,2026.949929,2267.845916,2014.577467,2030.612719,2011.227556,2006.810719,2019.624577,2017.170361,2034.033831,9,4,0,8,5,7,4,1,9,3,249375,0
10.7,13.2,0.4,50.7,36.5,13.7,9.4,25.6,12.7,12.3,0,2021.706907,2019.706003,2006.977283,0,2011.230273,2017.394848,2006.622441,0,2013.409473,9,6,9,8,5,7,4,4,9,3,252786.9,1069.953995
26.1,0.5,24.9,11.7,29.9,57.8,25.4,4.6,2.4,25.2,2005.512307,2021.708516,2022.445316,1998.096433,2704.088486,2003.224451,1978.777206,2006.84454,2023.944446,2012.158721,5,6,5,0,9,2,0,4,5,9,259474.2,0
69.7,0.4,50.5,4.1,26,5.9,44.2,15.5,11.3,19.7,2019.099888,2021.629268,2019.665441,2253.000829,0,2010.187846,33.12600092,2013.812827,2011.343062,2014.456312,9,6,9,0,6,2,3,4,7,8,258264,408.24047
22.4,71.1,5.8,51.1,13.9,0.5,26.2,25.1,12.8,20,2016.682992,2014.054405,2017.175101,1342.598853,1240.87479,1333.487997,2036.468604,2016.213182,2021.945005,2014.587891,6,9,9,1,1,1,3,7,4,8,252367.8,0
3.2,57.4,0.4,2.8,26.4,0.5,70.9,16.1,6.6,14.4,1339.719773,1583.817426,2042.63922,1597.180667,2021.35942,2021.298173,2052.734329,1535.285433,2017.043198,1493.616866,6,6,9,6,7,1,4,6,8,6,254676,0
0.6,59.1,0.3,19.3,28.2,25.1,78.3,4.9,3.2,2.6,0,1991.50127,1880.421571,2023.339116,2027.475488,1992.797199,2021.841624,2031.861812,2063.668075,2016.622114,6,1,3,6,5,1,4,6,5,6,263928.3,682.699473
3.2,9.4,0.8,2.9,19.7,38.9,25.4,0.8,19.4,0.7,1987.117388,0,0,0,0,0,0,0,0,0,1,-1,-1,-1,-1,-1,-1,-1,-1,-1,226634.1,0
1.1,2.2,0.3,0.9,0.6,49.1,0.3,0.4,0.3,0.3,2011.093789,2000.857694,0,0,0,0,0,0,0,0,5,5,-1,-1,-1,-1,-1,-1,-1,-1,232116.3,0
0.8,44.3,0.4,1.2,0.9,8.7,0.5,0.5,11.5,12.7,2017.037107,1979.042821,2016.813485,0,0,0,0,0,0,0,8,1,9,-1,-1,-1,-1,-1,-1,-1,236166.3,0
0.9,2.8,0.3,45,0.6,1.3,25.1,20.7,0.7,13.2,1979.184403,2006.325479,2012.057494,2022.418351,0,0,0,0,0,0,3,9,7,6,-1,-1,-1,-1,-1,-1,248186.1,0
49.1,0.5,0.3,51.1,38.6,0.7,25.6,5.7,0.2,12.8,1966.841244,2011.306257,2007.190335,2022.427186,1982.67553,2260.055197,0,0,0,0,3,9,4,6,0,4,-1,-1,-1,-1,250377.6,0
52.6,45.4,0.4,3.5,5.2,0.5,25.5,20.4,29,12.9,2016.851057,1999.530978,2060.741529,2017.380964,1984.897885,3335.935091,1969.100131,0,0,0,9,8,7,6,1,8,0,-1,-1,-1,250083,0
50.9,3.7,0.3,1.2,34.8,24.7,26.2,25.7,21.2,0.7,2007.091797,2017.273399,2017.099165,2009.133441,2037.660688,0,1955.106799,2015.830281,0,0,4,8,7,4,6,8,0,5,-1,-1,246908.4,403.301737
7,0.7,43.5,25.5,51.1,4.6,1.5,5.1,43.6,0.2,2044.173318,0,1981.306355,2014.532428,1983.288449,2610.177047,2038.91319,2013.905333,0,0,4,8,3,8,2,8,4,8,-1,-1,250525.5,981.271619
0.8,0.5,86.9,54.1,30.6,0.7,0.5,19.9,19,0.3,0,1498.430131,2017.374523,2014.412823,0,0,1986.492933,2048.103377,0,0,4,3,7,8,2,8,2,4,-1,-1,241599.3,934.7080827
47.7,0.8,2.6,11.4,26.2,0.5,0.4,25.7,12.8,12.7,2019.260988,0,2011.995386,2006.503355,0,0,1965.396165,2022.443106,0,0,9,3,7,8,-1,-1,0,4,-1,-1,246372.9,50.151638
5.7,19.3,56.5,45.5,24.7,23.4,0.4,6.5,3.5,0.7,2011.040073,1965.683522,1972.833114,1976.979828,0,0,2007.166,1963.625504,0,0,5,2,2,1,-1,-1,4,3,-1,-1,242598.9,0
1.1,58.6,20.6,2.9,29.9,16.6,0.5,0.5,2.9,19.1,2033.85202,0,2023.324258,2016.486215,3668.22809,0,1910.75872,1923.248938,0,0,4,2,5,4,9,-1,1,1,-1,-1,251369.4,78.235296
0.8,100,0.4,0.9,78.9,6.6,0.5,0.7,18.4,6.3,1985.32055,2246.708416,2008.704664,1993.422949,2769.743963,0,887.9921601,1947.718454,0,0,4,4,9,4,8,-1,1,1,-1,-1,249582.9,0
1.1,42.4,75.4,1.2,10.5,0.5,0.4,13,17.5,36.8,0,3518.306307,2032.920624,1971.76992,2728.254589,2349.713957,0,1958.363305,0,0,4,8,7,2,9,9,1,2,-1,-1,240551.7,1192.672634
0.8,0.6,50.6,0.9,20.6,5.8,0.4,25.9,0.8,31.3,1997.15044,3033.33138,2014.369788,2015.080587,0,0,0,2014.20028,0,0,2,9,7,5,9,9,-1,4,-1,-1,250188.9,405.4402975
1.1,44.6,50.8,49.4,2.4,26,0.5,25.8,0.2,6.1,1982.272669,0,2009.354886,2036.630288,1975.920305,0,0,1964.044935,0,0,2,9,7,5,3,-1,-1,1,-1,-1,242911.2,683.763381
44.7,3.2,3.3,2.8,0.7,25.5,25.2,49.3,0.3,0.3,0,2010.577762,1992.520811,2008.34128,1954.599257,0,0,2002.143207,0,0,2,6,7,5,0,-1,-1,7,-1,-1,249037.2,7.385959
51.2,0.9,0.5,40.4,1,25.7,25.6,31.3,12,0.4,2649.473008,2022.527494,1983.32777,2008.30816,1975.767682,0,0,2019.921333,0,0,7,6,3,5,0,-1,-1,8,-1,-1,243415.8,0
3.8,0.7,0.6,47,0.7,49.9,30.4,6.7,0.4,9.9,0,0,2016.771625,2023.114359,2013.013948,2017.289136,0,2013.802394,0,0,7,6,9,5,3,6,-1,5,-1,-1,241572,48.530272
1.2,0.9,0.5,3.8,1,51.2,25.5,25.6,0.2,24.5,2012.362619,0,2014.310612,2009.291174,2014.303712,2022.544002,0,2010.525732,0,0,7,-1,9,5,9,6,-1,5,-1,-1,240324.6,0
37.9,0.7,0.7,0.9,0.7,30.4,1.8,26.9,0.3,37.4,1968.896012,2017.4247,2006.809918,0,2011.762136,2041.327781,0,0,0,0,0,7,9,5,9,9,-1,5,-1,-1,240469.2,2574.145974
6.9,0.6,33.9,1.3,0.7,24.7,23,25.1,0.2,19.4,1986.202119,0,2047.381424,2021.361943,0,2009.325925,0,0,0,0,2,7,9,5,9,6,-1,-1,-1,-1,237962.7,670.181811
0.8,0.9,3.8,0.9,25.4,2.4,47,19,0.3,11.9,2053.224609,2021.960933,2055.447294,2024.371568,0,2012.343402,0,0,0,0,6,4,7,9,-1,6,-1,-1,-1,-1,248410.2,0
1.2,45.1,0.5,45.1,26,0.8,51.6,1.2,0.2,13,2007.364881,2017.168658,1977.292147,2014.316402,2014.337516,1971.167705,0,0,0,0,6,4,1,9,6,3,-1,-1,-1,-1,256352.4,0
48.9,12,44.2,3.5,49.2,0.5,55.5,0.7,4.3,12.9,2013.171685,2017.216738,2003.955475,2016.820781,1979.803899,1980.513766,2348.070592,1975.505857,0,0,4,4,8,9,6,2,6,0,-1,-1,249886.2,0
45.1,1.1,49.9,1.3,6.8,29.7,11.9,15.3,12.9,12.9,2047.003747,2034.216535,2016.955153,2014.271639,0,1932.182176,0,2022.431601,1992.652187,0,5,5,8,9,6,0,6,7,2,-1,255099.3,50.780971
51.6,48.6,3.5,0.9,1.1,51.2,0.4,26.1,24.4,12.8,2031.554101,2035.075529,2016.523298,2014.296413,1969.18941,1959.098054,0,2017.397778,2022.060959,0,5,5,8,9,1,0,-1,7,8,-1,252378.6,0
18.3,97.3,0.5,25.3,0.7,29.7,0.5,25.6,34.2,2.1,2083.894686,1962.811873,2008.994825,2001.505238,1966.52046,0,1978.664878,2012.368712,2019.429137,0,5,3,8,8,1,0,1,7,8,-1,251382.6,1592.278223
8.6,23.8,48,51.4,1,25.8,0.4,25.8,31,0.3,2021.343525,1975.791409,1996.559319,2017.052721,0,1968.583927,1975.047783,2027.481706,0,0,5,3,8,8,1,2,0,7,8,-1,254036.7,236.3333485
50.3,1.3,61.4,9.1,1,50.4,0.5,25.6,25.8,0.4,2031.523232,1981.053944,2022.536104,2004.00561,2005.993195,1960.968403,1985.307488,2012.310022,0,0,5,2,8,8,5,2,0,7,-1,-1,260596.8,0
51.2,0.9,100,1.4,0.7,75.9,0.5,24.2,23.1,0.3,2014.506686,1963.574297,0,2017.038871,2001.28558,1957.063254,1976.889931,0,2007.187269,0,5,2,8,8,5,2,0,7,5,-1,253308.9,2511.262833
51,1.1,100,1,34.7,34,0.4,0.8,12.9,0.4,2037.505258,1963.198186,2058.273337,2014.85253,0,1964.49856,1969.521268,0,1846.150109,0,4,2,4,8,5,2,0,-1,5,-1,241162.2,41.763254
13.8,1.1,12.3,1.4,42.6,9.7,0.4,30.4,29.2,0.3,2008.896028,2009.181634,2008.598642,2019.555511,2009.518249,2004.318373,2014.419721,0,0,0,4,4,7,8,8,7,8,-1,5,-1,253728.6,51.127934
51.5,0.9,0.9,1,51.3,12.4,0.5,72.1,14.9,0.4,2024.611948,2022.269176,1996.921878,2036.720579,2034.754573,2007.31269,2012.799745,2096.765761,0,0,4,4,7,5,8,7,7,0,-1,-1,247155.6,0
4,1.2,41.1,1.3,10.4,58.1,0.5,10.8,25.7,12.4,1985.040499,1994.048874,1997.096038,2003.887476,2011.804964,2021.374433,2021.966458,3077.743879,2015.494264,0,2,8,8,5,9,5,4,8,5,-1,258477,0
47.7,1.2,50.8,1,40,53.5,0.4,0.9,31,12.8,1976.440474,2024.608317,2042.112412,2017.186849,2014.948838,2054.801255,2019.191685,0,2051.667861,1962.465938,2,8,8,4,9,5,4,8,5,0,258848.4,371.094978
12,61.5,50.7,1.3,29.4,75.7,0.5,0.6,13.9,4.4,1975.548326,1589.022045,1761.925601,2024.022614,0,2024.245236,2017.036474,2015.455295,2023.658285,1910.296927,2,0,1,4,9,5,8,5,5,1,257720.1,368.863356
33.5,17.8,50.6,50.9,26.4,27.4,0.4,6.7,11.8,18.3,1967.13875,2008.724811,2028.967247,2022.227222,2013.822675,2103.18112,2042.164845,1972.298875,2038.844009,2034.420291,2,9,7,4,9,0,3,3,5,8,260244.9,0
52.4,1.3,7.7,88.7,8,47,0.5,38.3,0.9,25.8,1963.736908,2016.33221,2006.352482,2029.557649,2019.400694,39.52451939,2094.28617,1998.365089,2003.329444,1998.489897,0,9,5,7,9,0,3,3,5,7,260159.1,0
65.7,0.9,38.4,9.1,5.9,26.1,47.8,49.7,7.7,3.4,2084.532744,2024.610153,2007.105992,2009.323935,2023.162562,1946.215379,2005.295303,2009.307025,0,0,0,8,6,7,2,0,6,6,5,7,263380.8,715.451302
64.6,1.3,50.8,39.3,0.8,14.7,30.2,50.7,24.5,2.2,1977.442063,1977.961866,2024.756064,2027.509423,2015.858421,1845.933304,2023.298647,2026.696684,2017.033135,1985.53502,0,3,5,7,7,0,6,8,8,2,265417.8,0
3.6,3.4,41.1,3.2,2.8,2.8,2.8,2.8,2.6,2.6,2210.133484,0,0,0,0,0,0,0,0,0,2,-1,-1,-1,-1,-1,-1,-1,-1,-1,230079.3,0
0.1,0.2,0.8,53.2,0.1,0.1,0.1,29.3,0,0,2347.695741,2103.203191,0,0,0,0,0,0,0,0,7,3,-1,-1,-1,-1,-1,-1,-1,-1,230461.5,0
0.1,50.8,0.2,1.2,0.1,0.1,0.1,8.1,0,18.7,0,2136.225127,2829.543637,0,0,0,0,0,0,0,7,1,9,-1,-1,-1,-1,-1,-1,-1,241567.8,375.710364
52,1.5,53,51.2,0.1,0.1,0.1,0.1,0,5,2103.347731,2138.9126,0,2136.679311,0,0,0,0,0,0,0,3,9,2,-1,-1,-1,-1,-1,-1,227952,71.349363
1.8,0.2,6.2,9.5,0.1,0.1,29.1,0.1,18.5,0,2352.717192,0,3410.255698,0,0,0,0,0,0,0,6,3,8,2,-1,-1,-1,-1,-1,-1,227073,340.2020485
0.2,0.2,0.3,0.3,0.1,0.1,7.7,0.1,18.8,18.2,0,3200.260703,2848.228158,0,0,0,0,0,0,0,6,8,9,-1,-1,-1,-1,-1,-1,-1,235251.9,372.05666
0.1,53.1,0.1,0.2,56.2,0.1,0.1,0.1,0.4,0.2,2152.039167,2400.11245,2554.168505,0,0,0,0,0,0,0,1,4,4,-1,-1,-1,-1,-1,-1,-1,229191.9,0
0.1,19.1,0.2,0.1,11.7,0.1,0.1,0.1,18.2,12.4,0,2707.502848,0,2011.412383,0,0,0,0,0,0,1,8,4,9,-1,-1,-1,-1,-1,-1,229126.5,405.1662385
0.2,53.1,17.7,0.1,0.1,0.1,0.1,0.1,4.6,3,2129.616968,0,0,2015.618297,0,0,0,0,0,0,1,8,-1,2,-1,-1,-1,-1,-1,-1,230599.2,667.992216
11.6,1.1,55.2,0.1,0.1,0.1,0.1,0.1,0.1,18.4,2841.487171,2004.552711,0,2014.97668,0,0,0,0,0,0,9,2,-1,0,-1,-1,-1,-1,-1,-1,240634.8,0
2.9,0.2,50.3,51.6,0.1,0.1,24.4,21.3,0,0.2,2103.648568,2012.242828,1993.923019,2012.290992,0,0,0,0,0,0,3,2,6,7,-1,-1,-1,-1,-1,-1,245875.8,0
95.7,0.2,50.2,1.4,0.1,0.1,25.2,25.2,0,0.1,1993.882804,2011.918854,1993.906053,2006.14839,1988.528985,0,0,0,0,0,0,2,6,7,0,-1,-1,-1,-1,-1,240017.4,0
20.5,40.8,8.7,14.2,0.1,10.1,31.1,5.7,0,11.8,0,1999.319642,1995.754161,2003.460445,2011.465415,2293.576285,0,0,0,0,0,5,1,3,9,6,-1,-1,-1,-1,242457.9,997.878902
0.2,11.9,95.4,10.7,0.1,12,23.7,16,4.3,0.6,1968.674408,1998.059759,2002.43627,1994.402881,1998.912906,1962.91791,0,0,0,0,2,7,8,5,6,2,-1,-1,-1,-1,247487.4,0
0.2,0.3,4.5,43.5,16.5,30.4,54.6,3.6,18.6,0.1,2001.094302,1996.996794,2000.6717,1992.697935,1971.936291,2612.871785,2342.816742,0,0,0,3,4,8,8,6,5,6,-1,-1,-1,246148.2,0
0.2,0.2,50.1,11,23.4,25.6,35.7,0.2,25.3,0.1,2000.729818,2002.100156,2005.659053,2000.648077,2002.642961,2599.241349,0,2002.380577,0,0,2,2,8,8,4,6,6,5,-1,-1,239113.8,50.816491
0.2,5.3,16.5,0.3,25.1,29.8,5.7,0.2,25.4,12.6,1998.002566,2007.407521,1998.175354,1997.672926,2010.723766,0,2011.445066,2011.165828,0,0,1,5,8,8,4,6,9,5,-1,-1,252243.6,896.385356
46.3,50.5,30.2,0.4,2.1,28.5,0.1,24.6,12.9,12.2,2015.334478,1993.332809,2008.160814,2003.798697,0,1998.222604,0,2002.45715,0,0,1,2,8,0,4,7,9,5,-1,-1,255232.8,597.750725
98.2,4.5,51.1,38.4,0.1,2,0.1,46.7,12.6,0.1,2033.784711,2024.170148,2000.170314,2005.943479,1985.456218,2007.587609,0,2013.267888,0,0,3,2,8,0,0,7,-1,7,-1,-1,258524.4,0
100,0.3,50.4,50.3,0.1,24.5,0.1,51.8,0.4,0.1,1997.695905,2008.529426,2006.11276,1982.628442,1999.347815,0,2015.284501,2011.209002,0,0,3,2,7,0,0,7,5,7,-1,-1,252111,12.768911
15.2,54.5,48.9,2.7,7.4,25.2,0.1,63.7,0.1,0.1,2013.120634,1965.770604,1996.687623,2011.273832,2002.560763,2206.282521,1999.380557,1999.226873,0,0,1,1,7,7,4,2,5,7,-1,-1,251939.4,0
0.4,14.3,70.6,30.3,18.4,0.5,0.1,75.8,0.1,5.7,1997.728597,2010.604245,1993.118317,2006.122847,2008.935002,0,0,1996.1333,2207.911251,0,3,4,7,7,9,2,5,7,2,-1,251770.5,49.3652715
38.8,0.5,9.4,50.4,2.6,29.6,10.9,53.9,7.3,2.6,2025.947697,2004.618221,2001.823659,2021.24715,1997.632746,2305.627121,0,2001.178571,0,0,3,0,6,7,8,5,-1,7,2,-1,254553.3,36.113808
50.5,0.3,0.7,50.3,0.1,7.1,27.6,70,12.7,0.1,2022.703913,2011.782322,1995.938142,2001.101187,2005.635438,0,1991.251405,1988.29681,0,0,3,0,7,7,8,5,6,7,-1,-1,261531.9,57.568599
2.8,47.1,44.6,97.5,0.2,0.2,25.4,56.8,12.6,0.1,1567.654962,1994.150708,2008.122085,2001.179363,2008.173365,1988.369562,2000.407396,0,2009.190862,0,3,1,7,7,8,3,2,7,6,-1,251180.4,357.328641
0.3,60.9,11.1,64.2,0.1,9.3,25.3,9.8,16.3,8.1,2016.631211,2011.4358,1995.368713,2003.16584,2000.183379,0,2012.123747,1997.575928,1993.996417,0,3,9,1,8,8,3,5,1,6,-1,248495.7,66.944296
17.7,8.4,0.9,12.2,43.1,50.1,0.8,6.3,24.4,13.7,2008.182186,1995.021004,2010.558704,1920.460774,2003.157002,2017.283058,2002.289999,1987.19404,2014.775889,0,7,0,4,9,8,5,5,8,4,-1,255534.6,0
13.5,0.4,0.6,43.2,43.8,74,0.1,4,47.4,0.7,2005.551682,1993.220004,2003.332887,2002.305674,1990.772649,2004.421841,2007.385487,2023.286232,2003.299338,2807.491619,4,8,4,5,8,5,5,8,3,8,251283.9,0
53.7,0.5,10.3,21.5,50.7,9,18.3,22,8.2,5.4,2010.636333,2006.407205,2012.577256,1946.11157,2029.822373,1943.445682,1998.924456,0,2029.305849,1813.864919,4,9,3,0,2,0,6,8,4,7,267153.3,354.735836
61.9,46.1,3.5,50.8,50.7,0.2,31.5,43.1,0.2,12.8,2025.798766,2006.934824,2017.819012,1979.124973,1984.877393,2023.137484,1982.146408,2308.51062,1991.489823,0,4,9,3,6,1,0,6,7,4,7,258588,423.898978
21,86.6,0.9,50.5,13.3,0.3,50.7,12.6,18.2,3.4,2009.71665,1595.939032,2011.008585,2011.811454,1439.265331,0,2001.759631,2717.097609,0,1132.374181,7,1,3,6,1,0,6,8,4,1,267500.7,700.524877
45.6,100,0.8,50.4,0.3,24.5,50.7,26,21.4,1.5,2006.186874,1975.849061,2015.260529,1974.231587,1985.235377,1995.093093,1982.121169,0,1997.42697,2716.313389,7,1,3,6,1,0,6,8,5,8,267170.7,337.435056
50.7,100,0.6,50.5,0.3,25.4,50.7,25.5,16.4,0.2,2003.192762,2000.375381,2008.706971,1974.238637,1991.957738,1991.669841,1998.561403,2005.630655,2007.410712,0,7,1,3,6,1,0,6,8,5,8,260061.9,343.977517
6.5,57.8,0.9,56.7,47.2,4.7,36.1,22.2,1.7,21,2010.962363,1991.836324,2006.919234,2001.488847,2052.280805,2031.532192,2026.560905,2006.359454,2027.559806,2205.425556,9,4,6,6,1,7,9,4,4,3,254216.4,0
49.9,50.8,0.6,13.7,42.6,11.3,29.8,5.3,0.1,18,1752.80865,1998.590222,1993.934293,2039.675763,2009.704844,1994.969451,2011.444162,2015.625693,2013.963763,0,0,0,6,5,1,4,9,4,9,3,267018.6,51.996484
99.9,44.9,0.8,26.4,75.4,25.3,25.4,2.8,0.2,14.9,1991.122562,2000.85033,2011.944095,2002.396411,0,2015.728555,2008.887526,1997.607979,2012.775615,2000.608756,0,0,6,5,1,4,9,4,3,4,256486.5,1761.066903
49.7,42.8,22,50.7,31.2,37,4.2,0.4,0.1,7.2,2005.31397,2020.560933,2025.350437,2030.585045,2112.249757,2111.8695,2004.409982,2013.963216,1999.795295,0,1,5,2,5,0,2,1,9,3,4,256807.2,270.09764
51.4,18.6,50.9,9.2,12.7,31.6,34.9,0.4,13.9,12.8,1997.743294,2017.489088,1993.228567,2008.162016,1870.286558,1072.832934,1965.587927,2003.432126,2011.670025,1979.127795,4,5,8,8,0,2,2,9,6,6,253670.7,0
50.7,1.2,49.4,29.6,23.3,6.1,18.2,0.5,15.1,22.5,2013.722445,2011.951073,2008.605402,1997.674862,2001.130741,2131.150997,2003.909523,2017.053468,2015.661238,2029.103629,3,6,4,8,0,2,3,9,4,9,261502.5,0
50.9,0.6,50.8,63.5,27.9,0.3,46.2,0.4,4.1,25.4,1147.229081,1977.235148,2041.19787,1395.347174,1992.533964,2004.951567,1363.791482,2014.00652,1991.946864,2006.447127,3,6,4,3,0,2,3,9,6,9,268156.2,0
50.9,0.8,50.8,86.3,62.1,0.5,50.8,0.5,0.2,13.6,2026.221233,1996.930963,2025.748467,2004.38693,1993.35538,2000.858218,2010.277963,2018.510812,1979.108148,2039.020907,4,6,4,3,0,2,3,9,6,4,256561.5,0
5.7,38.6,50.7,12.8,39.7,18.1,51,21.8,0.2,1.6,1986.640891,2032.85982,2017.742316,1772.137857,2003.90863,2011.254151,2041.192651,2040.177672,1985.202389,2002.070539,6,7,4,6,1,2,4,5,6,6,260766,0
0.8,50.9,9.6,0.7,51.3,25.4,100,25.6,0.2,0.3,1984.576797,2021.167215,2005.595601,1974.130699,2009.736384,0,1987.017376,1999.358561,1895.638622,1993.702899,6,7,4,6,1,2,4,5,6,6,262369.2,932.555063
0.6,96.2,34.8,38,51.2,6.7,30.5,12.1,15,0.2,2005.174477,2033.864322,2005.150649,1992.040133,1988.161838,1977.946059,2000.594715,1996.719573,2013.992373,2042.633766,8,3,4,2,1,1,4,7,8,6,257907.6,0
42,7.6,39.5,42.9,39.2,0.8,2.5,25.9,25.2,17.9,2028.018523,2025.856044,0,2003.741258,2042.250975,3547.537202,2093.615326,1998.138511,2000.585242,2030.747549,8,8,4,4,0,9,2,7,4,3,256822.5,3822.102075
50.8,0.8,51.3,19.4,29,24.9,0.5,25.6,15,16.2,2006.392355,1928.697468,2012.338445,2033.102914,2004.713045,0,1994.26159,2006.095005,2004.718691,2008.425868,9,8,5,4,0,9,2,7,3,9,250877.4,329.466202
14.2,20.3,16.7,53.3,13.1,7.6,9.3,33.4,17.9,13.1,1998.184999,2000.662307,2001.910271,2008.926698,2015.652039,2729.971207,2008.869461,2015.659195,1952.90494,1961.966332,8,8,6,9,4,7,9,1,3,3,255109.5,0
1.4,87.4,4.6,64,4.8,0.4,25.7,1.5,25.7,25.7,1998.189765,1998.188273,1996.930245,2011.455277,1455.55984,948.805718,2000.857916,1409.98024,1999.112851,2063.691113,8,8,6,9,1,1,9,1,3,3,258732.3,0
0.7,98.6,36.1,53.3,1.2,0.6,33.5,14,13.7,14.1,2012.614646,1998.038274,2016.254383,2026.160144,1416.791001,1212.248732,2008.628349,1544.105953,2014.027969,2026.47693,8,2,7,9,1,1,6,1,6,3,259305,0
32.6,66.6,5.2,51.2,33.3,0.5,17.6,25.9,12.9,8.5,2005.662113,2015.519442,1998.182706,2027.152413,2053.161503,0,2013.963152,2003.398507,1983.030174,1997.702794,8,4,7,6,1,1,9,4,0,3,254768.4,424.547118
23.1,5.5,49.6,17.3,84.9,15.7,25,4.3,2.2,2.6,2018.330639,2016.923803,2009.915946,1891.231894,2003.745149,2023.468927,2001.394582,2036.245321,2008.967587,1984.039875,5,4,0,0,4,2,4,4,6,6,265371.3,0
76.2,0.7,66.2,1.2,56.7,41.6,51.4,1.3,0.2,0.3,2007.389214,2002.060638,1937.875106,2068.980082,1716.132164,1992.352566,2084.701543,1771.532145,1994.989186,1993.932273,5,5,0,0,4,2,2,4,6,6,246793.2,0
20.7,6.3,16.8,7.2,29.7,59.5,6.1,21.7,7.7,0.4,2010.383463,2002.32368,1983.363089,1707.484134,2005.300994,2005.708883,2016.479666,2013.165232,2002.372827,1997.544286,5,5,7,1,7,3,4,8,5,4,252675.6,0
1.8,51.9,9.8,50.6,9.8,19.2,13.6,27.9,12.9,10.5,433.6607916,2006.885714,2001.198348,496.2960004,2034.214677,1990.559107,187.98506,2005.627267,2084.51172,2019.570293,1,6,7,1,9,3,1,8,2,5,255910.2,0
1.2,56.4,47.2,51.1,13.6,5.5,26.3,1,4.1,31.7,1325.748339,2002.343951,2018.99764,21.33052503,2010.95378,2012.402321,1270.173813,2049.371043,2125.90488,2026.616837,1,6,9,1,9,3,1,4,2,9,245645.7,0
1.1,51.9,9.9,51.2,9.1,3.4,4.4,16.4,7.6,15.6,2023.49844,2016.481228,0,1996.318289,0,2009.050838,2064.705601,2021.536109,2008.16256,0,7,9,2,5,2,3,1,9,8,7,254083.5,-63739144952
89.3,54.4,24.5,8.8,2,3.4,0.8,15.4,1.9,49.1,2151.254243,1995.960355,2135.945716,2007.452709,1987.432103,2016.045942,2008.496257,2016.457414,2072.032228,2008.941497,2,9,1,9,0,7,0,9,2,9,254319,0
58.5,3.9,14.6,42.1,17.4,24.2,11.1,26.3,0.3,28.8,2009.09606,1990.376345,0,2002.397402,2001.075632,2011.208138,2007.660744,2018.977905,1996.887054,2005.941894,9,3,2,4,5,7,0,9,6,9,253864.2,-63739149172
51.3,21.9,7.9,17.9,4.4,30.3,25.8,25.6,6.3,30,1904.990372,1994.043904,2029.848562,2034.481267,2005.666638,1998.214154,1988.395068,2016.478137,38.07674014,1998.426895,1,9,5,6,8,7,0,9,3,9,245019.3,0
12.4,10.7,7.5,22.8,19.2,35.1,8,17.5,3.2,33.1,2019.009853,2024.057549,2016.002861,2051.617995,1998.199447,1939.518404,2002.394919,1797.21923,2015.303975,1996.84163,9,9,9,4,7,3,5,2,5,5,253411.8,0
1.4,0.9,38.1,4.3,47.1,52.4,1.1,26,0.4,38.6,2011.41946,2003.436003,0,2013.843705,2003.195657,2058.250019,2001.042723,1875.851879,2002.362523,1992.230228,9,9,9,4,7,2,5,2,5,4,254441.4,592.614931
6.6,2.8,2.5,2.4,2,2,2,2,7.9,1.8,2017.314191,0,0,0,0,0,0,0,0,0,8,-1,-1,-1,-1,-1,-1,-1,-1,-1,224416.5,0
0.2,0.4,0.3,0.2,0.1,0.1,23,0.1,12.6,0.1,2014.253132,2019.832471,0,0,0,0,0,0,0,0,6,8,-1,-1,-1,-1,-1,-1,-1,-1,232285.5,0
0.2,0.3,44.2,0.2,0.1,0.1,30.7,0.1,12.6,0.1,2015.202593,2017.241334,2317.382574,0,0,0,0,0,0,0,2,8,6,-1,-1,-1,-1,-1,-1,-1,239448,0
50.1,0.2,50.2,48.9,0.1,0.1,0.8,0.1,1.1,0.1,2027.272942,0,2181.455339,2045.831749,0,0,0,0,0,0,2,8,0,3,-1,-1,-1,-1,-1,-1,232635.9,15.059359
14.9,48.6,0.5,45.8,0.1,0.1,0.1,0.1,0.1,0.1,0,1986.736093,0,0,0,0,0,0,0,0,3,1,0,3,-1,-1,-1,-1,-1,-1,228488.7,-21246409751
0.2,49.2,0.1,0.2,0.1,23.6,0.1,0.1,0.1,0.1,2000.577682,2037.831084,0,0,0,0,0,0,0,0,1,5,-1,-1,-1,-1,-1,-1,-1,-1,234902.4,0
48.7,50.3,0.1,0.2,0.1,1.1,0.1,0.1,0.1,11.7,1988.665206,2006.445735,1982.414096,0,0,0,0,0,0,0,1,9,0,-1,-1,-1,-1,-1,-1,-1,234834.3,0
50.4,10.8,14.4,0.2,24.6,0.1,0.1,0.1,0.1,12.6,2009.547204,2016.977608,1974.498864,2029.361629,0,0,0,0,0,0,2,9,0,4,-1,-1,-1,-1,-1,-1,234025.8,0
2.5,0.2,50.4,0.2,1.3,0.1,0.1,30.1,0.1,15.3,2016.710008,0,0,2014.446842,2590.168114,0,0,0,0,0,2,9,0,9,7,-1,-1,-1,-1,-1,231479.4,338.9618105
0.2,0.2,55.3,0.2,0.1,0.1,0.1,6.7,6.1,12.6,2017.316641,2014.490522,0,2016.998533,0,0,0,0,0,0,8,2,-1,9,7,-1,-1,-1,-1,-1,230680.8,53.252354
0.2,0.2,50.4,0.2,0.1,0.1,0.1,0.1,25.3,3.8,2009.792252,2013.430908,2001.76276,0,0,0,0,0,0,0,8,2,8,9,-1,-1,-1,-1,-1,-1,233612.4,380.414872
0.2,0.2,3.2,33.8,10.2,0.1,0.1,22.9,3.3,18.8,1999.64141,2017.521759,2014.333492,3652.046296,0,0,0,0,0,0,3,7,4,9,-1,-1,-1,-1,-1,-1,238431.6,0
48.6,0.2,17.3,10.7,13.7,0.1,0.1,30.2,10.9,0.2,2017.271937,2014.765319,2014.724932,2331.6738,1975.228587,0,0,0,0,0,4,8,2,7,0,-1,-1,-1,-1,-1,240649.8,0
50.4,0.2,50.5,0.2,3.5,0.1,0.1,8,34.7,0.1,2019.761721,2017.314406,2029.384784,0,1960.23403,2009.780632,0,0,0,0,8,8,2,7,0,8,-1,-1,-1,-1,233265,368.109264
48.5,7.3,10,24.9,0.1,0.1,12.5,0.1,6.2,0.1,2022.318276,1989.876882,2029.453197,1969.556998,0,1986.680892,0,0,0,0,6,3,3,0,2,1,-1,-1,-1,-1,235139.4,-63739233691
45.9,12.1,0.3,14.5,10.3,5.9,3.3,25,0.1,0.1,2001.026373,1962.150826,2014.277744,2012.234223,2004.5485,2009.63498,0,0,0,0,0,0,5,4,7,4,-1,-1,-1,-1,255297.9,0
59.7,51.4,18.9,62.8,27.1,3.3,0.1,25.2,0.1,0.1,1987.345652,1976.529221,2002.744859,2011.024468,2022.616851,2014.295213,2238.258857,0,0,0,2,0,3,3,7,4,1,-1,-1,-1,260027.1,0
9.9,3.1,97,100,54.3,24.7,12,1.1,0.1,0.1,1254.481839,2017.207244,2028.663038,2034.133124,1233.30569,2018.35268,2334.391705,2017.292754,1535.915179,0,2,6,3,3,2,4,4,5,2,-1,262968.9,0
69.9,0.2,100,100,31,25.1,3.6,0.1,0.1,0.1,1109.820032,1951.766999,2009.868238,2017.034397,1211.710604,2017.343801,0,2007.769673,1142.295435,1935.648042,2,0,3,3,2,4,4,5,2,0,270864,326.41602
100,41.6,99.5,52.5,25.1,25.1,0.1,0.1,0.2,29.7,1976.026309,1964.67188,2010.840451,2011.955614,2027.36264,2017.362042,2671.559829,2026.348959,1973.677753,1947.06057,2,0,3,9,2,4,9,5,1,0,262121.7,0
55.2,50.3,54.7,50.2,30.3,25.1,0.1,0.1,0.3,15.9,2042.762641,1966.594836,2022.436624,2008.942618,2017.368624,2026.676192,0,2012.28435,1979.104359,2011.074438,2,0,3,9,4,4,9,5,1,4,257986.2,-1.905104
95.8,10.6,11.7,45.3,73.8,6.1,0.1,9.4,0.3,12.6,2017.878371,1952.192651,0,2016.978106,2009.935289,0,1938.199344,2012.543041,0,2022.382948,4,0,3,9,4,4,0,7,1,4,254141.1,971.818776
53.9,0.2,3.5,0.2,76.7,20.1,0.1,2,24.9,29.1,2011.955605,1978.390121,1999.375661,2004.773722,2021.814856,2033.011909,2670.271368,2022.346066,0,2014.283282,9,0,8,8,4,4,9,5,-1,4,261571.8,0
50.9,48.5,20.9,0.2,75.7,25.1,0.1,0.1,27.1,12.8,2016.979583,1966.212904,2058.237015,2017.273411,2002.380388,2002.311842,2134.424775,2014.165641,2009.748287,2001.839735,9,0,2,8,4,4,1,5,8,4,258924,0
22.8,20.4,50.8,56.5,52.2,25,0.1,0.1,25.5,2.7,2011.626603,0,2033.570702,2001.788255,2037.645689,2002.344432,0,2019.339359,2009.778002,2005.090395,3,0,2,8,4,4,1,5,8,3,265862.1,1309.422982
47.4,0.2,50.7,56.6,50.5,25,11.5,24.7,25.4,0.1,2002.36395,1961.402137,2036.568781,2012.290826,1997.413093,2027.40776,2014.576275,2004.256643,2012.290822,2009.038973,3,0,2,8,4,4,7,5,8,6,261070.5,0
51.4,28,50.7,7.4,73.8,2.5,23.4,0.9,31.1,0.1,1994.879298,1967.854603,2017.372241,2012.262906,2006.867209,2014.784048,2012.340405,2017.117428,2017.314858,2011.534982,1,0,2,8,4,4,4,6,8,8,261056.7,0
50.8,87.3,50.6,35.1,27.5,0.1,2.9,0.1,37.1,0.1,1998.316034,1984.271142,2020.666909,0,0,2017.386333,2006.936042,2002.702271,2009.783907,2019.830416,1,0,2,8,4,4,1,3,8,8,253359.9,1024.532964
13.3,91.2,12.8,50.2,0.5,18.5,8.4,24.7,3.2,14,2014.470043,2011.989591,2017.27226,2012.511447,2021.733756,0,1990.035069,2010.122639,2022.323681,2027.092464,9,9,6,7,1,7,1,3,5,9,257743.5,-63739238330
22.4,58.5,8.2,97.5,14.6,3.2,13.9,25.2,0.1,25.5,2014.170615,2020.098808,2022.400965,2017.487825,1977.972036,2007.850402,2024.130991,2019.934557,2008.948504,2019.510157,6,0,4,7,1,3,2,3,9,9,258356.4,0
51.1,12.8,22.6,57.6,25.2,9.8,20,29.3,0.1,25.2,2014.474668,1962.936987,2022.367611,2022.645587,2006.530372,2014.122174,2019.540315,2017.305045,2016.960357,2042.735858,9,0,4,7,2,3,7,5,9,6,259500.9,0
8.1,0.2,85.7,8.1,20.6,43.1,3.7,64.6,0.1,25.3,2019.491112,2009.283589,1970.065527,2027.486012,2015.723731,2014.487221,2007.522739,2027.414314,2019.472959,2022.299102,9,4,2,7,2,7,7,5,9,5,257352,0
0.7,0.2,52.3,21.3,7.2,50.4,0.1,75.6,0.1,25.3,2014.464188,2024.934285,2058.629096,2000.084494,2019.5204,1999.210138,2019.933927,2014.958592,2024.553481,2017.254753,9,3,2,7,3,7,7,5,9,5,247608,0
32.1,0.2,13.3,32.7,30.6,26.1,10.5,30,3.6,3.6,1965.263974,2012.528385,2017.274267,2019.3503,2004.216886,2015.357449,2032.797005,2024.306968,2020.188852,2024.612022,0,4,6,5,6,4,7,3,4,8,249682.5,0
51.2,17.6,11.8,12.9,8.2,43.6,7.8,4.4,22.4,12.6,1975.210714,1949.486939,1979.330562,2007.257426,2029.337424,2012.08835,2016.979856,2014.471913,2014.832625,2006.755767,0,1,1,5,2,5,9,9,8,8,253412.7,0
7,28.6,49.5,20.8,18.3,16.6,39.3,20.7,12.9,2.8,1997.347045,2004.076228,2009.277108,2017.356703,2005.455371,1991.898054,2024.010749,2022.634866,2017.255952,2042.278102,6,3,5,4,6,1,3,7,8,2,259255.8,0
29.6,73.4,51,32.2,1.5,5,29.3,29.2,1.6,11.7,2029.20137,2002.25056,1985.749454,2021.790995,2010.48744,1973.322841,2012.270278,1963.725252,2019.589479,2041.508242,3,6,1,9,6,1,7,7,0,2,271965,0
51.1,100,51.3,50.5,0.3,9.1,29.2,50.5,0.1,12.6,2028.987757,2012.29342,1991.280622,2019.50478,2034.573697,1965.781356,2012.583957,2012.557362,1966.320323,2008.556449,3,5,1,9,6,1,7,7,0,2,264231.3,0
9.7,59.3,51,68.4,0.2,5.4,18.5,50.5,6.9,18.4,2034.799068,2016.96414,1982.236385,2009.471393,2019.685742,1906.119657,2012.595537,2022.613047,2032.446065,2009.445111,3,9,1,9,8,3,7,7,6,2,245699.4,0
20.1,12.6,20.2,16.7,13.6,0.1,43.8,7.8,18,13.9,2012.29376,2025.31476,2027.367842,2016.976063,2012.274046,2024.762809,1901.755697,1978.722244,2009.233262,2003.697019,4,6,4,9,8,2,0,0,6,8,250774.5,0
28.4,0.2,5.4,2.7,26.2,19.3,48.6,43.8,13,1.3,2009.554204,2027.420196,2017.358833,1945.996982,2023.495059,2002.33168,2014.307821,32.71029079,1991.621587,2012.574563,7,5,4,0,6,8,8,3,6,7,256684.5,0
2.9,29.9,2.7,2.8,2.2,2.2,2.3,2.2,2,2,1997.212253,0,0,0,0,0,0,0,0,0,1,-1,-1,-1,-1,-1,-1,-1,-1,-1,225607.5,0
0.2,3.3,0.2,0.2,0.1,22.5,0.1,0.1,18.6,0.1,2024.844503,2746.602829,0,0,0,0,0,0,0,0,5,8,-1,-1,-1,-1,-1,-1,-1,-1,243516.6,0
0.2,44.2,48.4,48.6,24.3,1.4,0.1,0.1,3.6,0.1,1986.358279,0,2009.380275,2003.836948,2019.598704,0,0,0,0,0,1,8,4,3,2,-1,-1,-1,-1,-1,252986.4,44.869648
89,50.3,50.2,2.5,25.1,0.1,0.1,25,0.1,0.1,2004.832535,1965.203795,2027.373644,1983.052861,2070.935921,2017.22492,0,0,0,0,1,0,4,0,2,7,-1,-1,-1,-1,247952.4,0
12.3,3,80.5,0.2,36.6,45.6,0.1,0.6,0.1,12.2,2010.417793,2001.807254,2026.777833,1986.97255,2014.759817,2014.73337,1992.082464,0,0,0,5,4,5,2,2,9,4,-1,-1,-1,252651.6,0
0.2,20.2,61.5,0.2,35.9,78.3,0.1,0.1,0.1,12.6,2024.949267,2017.10729,2017.548004,1995.750079,2015.766728,2014.729812,2004.397458,2194.824524,0,0,5,1,5,2,4,9,4,5,-1,-1,246216,0
52.2,13.4,4.8,0.2,23.8,14.5,23.1,0.1,22.6,13.2,2017.317356,1992.402961,0,1994.501257,1980.829188,2027.548803,2011.838913,0,2011.778903,0,6,0,5,8,0,4,8,5,9,-1,254662.8,215.7648305
100,45.1,0.2,0.2,25.1,0.1,25.2,0.1,13,31.3,2003.702934,1992.626366,4244.198878,1981.595285,2005.291254,2022.304063,2011.581545,0,2007.238568,0,6,0,9,1,0,4,8,-1,9,-1,257745,0
59.6,97.9,44.1,44.1,1.5,0.1,11.1,0.1,0.6,16.2,2006.661775,1996.088302,0,1080.551036,2019.884288,1055.146774,2001.761335,976.8656358,2008.20476,908.6337843,9,0,9,1,6,1,3,1,2,1,259436.1,35.483153
38.9,60.9,46.3,13.2,21.6,31.2,25.2,0.1,0.1,25.3,2012.134009,1997.958416,2014.881827,2027.850155,2017.328322,1992.408371,2029.77445,2007.360043,0,2332.277916,9,3,9,0,6,5,5,1,2,4,259701.6,576.144131
51.4,4.6,0.2,50.2,60.5,26.5,25.2,0.1,11.3,14.8,0,1985.778794,2014.749321,2010.640883,2022.311703,2027.152386,2014.596514,2007.437462,2017.403604,0,9,3,9,0,6,5,8,4,4,4,253753.5,984.819335
25.6,0.2,0.2,50.2,51.8,25.1,42.1,0.1,12.6,2.2,2012.053996,1997.913613,0,0,2016.591545,2006.900229,2016.847924,2018.691133,2011.854269,0,4,3,9,0,6,5,8,4,6,-1,248244,836.6735315
16.3,82.7,51.1,10.1,26.6,5.6,5.2,12,0.8,0.1,1994.880124,2002.565137,2017.409721,0,1971.375612,1999.232013,0,1980.673013,2014.179435,0,1,2,4,-1,2,0,8,1,7,-1,248818.5,1197.664681
51.2,7.4,18.9,61.5,5.8,0.1,0.1,32.3,0.1,23.9,2009.861681,2012.192986,1987.144034,2011.371923,2028.843017,1995.751079,0,2007.820233,2001.171667,0,9,7,3,9,4,0,-1,7,3,-1,260736.6,0
14.5,41.3,0.2,100,49.6,23.6,20.7,25.9,0.1,5.3,2013.814744,2023.958906,1985.228058,2017.284095,2017.830667,2011.713252,1998.745168,2017.222513,2017.968654,0,1,5,3,6,4,9,4,7,3,-1,263768.1,0
0.2,50.3,42.3,57.5,30.4,25,54.4,1.2,0.1,18.2,1965.403545,2022.458324,0,2014.323154,2014.744515,2009.208898,2047.979194,1996.85866,2016.048404,2175.482778,1,5,3,6,9,9,4,2,3,6,245928.9,323.391621
6.7,4.7,16,50.2,9.8,35.5,30.8,0.1,0.1,20.1,2011.711217,1985.007768,2279.970696,2022.301027,2009.409502,1993.611493,0,2017.322391,2004.711227,0,9,2,5,9,4,0,4,6,3,6,263464.2,34.070809
13.4,0.2,50.2,50.2,6.2,30.6,25.2,52.4,23.5,17,2007.22922,1987.842174,3238.616971,2006.707444,2003.841146,2017.227778,2799.084746,2022.230742,2003.325496,2655.026218,7,2,8,9,8,9,7,6,3,5,250982.1,0
20.8,0.2,9.2,50.2,11.4,23.8,1.5,36.6,29.3,14.6,2022.457464,2012.123439,0,2031.570517,2009.305437,2009.390173,0,1994.128612,1983.173586,2355.911123,5,0,8,9,8,4,7,8,3,7,253616.1,201.4969065
68,0.2,0.2,7.9,6.1,76.6,0.1,7.2,33.2,12.7,2000.357299,1998.467821,1994.403606,2017.249434,2011.827511,1992.970805,2117.12614,1921.363763,2004.376165,0,5,0,5,9,8,0,5,8,8,7,254174.7,346.39782
23.7,81.2,36,5.9,21.2,4.1,4.7,40.9,14.4,1.2,2016.918192,1995.252308,2014.322954,2005.240996,1989.280452,2007.319047,2198.705708,0,1978.404536,1978.721775,8,3,4,2,7,6,7,8,1,1,260763.3,1782.421518
0.2,53.3,56.1,11.9,25.1,24.2,5.4,60,12.6,6.8,2011.84977,1944.056926,2009.352019,1952.954539,1997.308397,2011.718714,0,2032.609355,1998.081761,2207.605037,8,2,4,2,7,9,7,5,1,7,264390.9,347.420887
0.2,50.3,100,43.3,1.9,74.3,0.1,2.6,0.7,35.4,2013.25195,2013.553359,1993.930594,1987.658307,2016.297561,2029.902729,1999.853603,2007.414378,1978.433141,2250.176678,9,2,3,2,9,9,5,5,1,5,259451.7,0
0.2,50.3,19.8,94.1,6,51.6,0.1,23.1,0.1,25.6,2019.244528,2017.361193,0,2009.398446,2014.739839,2017.241278,2026.45254,2022.451824,2005.735416,2113.530481,7,4,3,4,9,9,5,5,1,3,257768.7,885.093232
0.2,50.3,0.2,3.5,50.4,25.2,0.1,77,0.1,25.2,2009.309899,2004.395986,1994.880044,2022.191363,2014.230672,2019.769357,0,2022.403228,1987.050065,2225.391821,7,4,7,4,9,9,5,5,1,7,252226.2,-18.407162
0.2,14.1,0.2,0.2,50.4,25.1,0.1,58.9,11.6,29.4,2006.289776,2007.399048,2014.822882,2027.550451,2014.640916,2007.231521,2009.214373,2022.455855,2012.213182,0,8,4,7,4,9,9,7,5,9,7,250818.3,1273.75634
0.2,42.2,0.2,0.2,50.4,22.7,0.1,29.5,0.7,50.6,2003.811148,1999.405203,0,2005.314218,2017.242315,2012.205967,2014.174925,0,2017.21377,2014.575707,1,4,7,4,9,9,7,5,9,9,253830.9,149.5601105
40.6,50.3,0.2,0.2,48.4,28.9,8.4,3.8,0.1,37.5,1984.577429,2017.333442,2668.092576,2007.439325,2022.502789,0,0,2713.723989,2007.181056,2004.070323,1,6,9,4,4,9,7,5,9,0,266328.3,1864.458516
95.5,49.4,0.2,77.2,76.6,7.2,2.2,0.1,0.1,12.8,2008.590886,2001.58731,2363.223167,1977.755065,2008.119759,1981.851515,1976.340456,0,2019.757711,1978.430637,3,3,4,4,4,1,0,5,9,0,253565.7,43.513146
17.2,95.4,0.2,53.5,16.2,38.8,0.1,0.1,15.7,1.2,2035.824752,1988.138497,0,2019.392799,1984.602728,1294.477021,1214.326739,1323.374246,2003.844359,0,5,3,4,8,5,1,1,1,8,0,256938.9,353.9382955
0.3,90.9,0.2,50.4,7.2,50.5,24.6,0.1,25.3,0.1,2017.421272,2004.823434,2017.330468,2011.343689,2004.336331,1977.261694,2017.341875,1941.010328,2011.85164,0,5,3,6,8,5,1,4,1,8,-1,259731.3,0
42.1,19.3,62.6,11.9,25.4,49.4,1.2,35.5,7.4,3.7,1998.871714,2024.165001,2015.81808,2032.43822,2032.590367,2014.213473,2027.54973,2012.210639,1980.703756,1990.864113,0,8,5,7,5,9,4,7,2,2,254886.3,0
50.3,0.3,21.8,0.2,17.2,26.4,0.1,78.3,24.5,1,1988.712978,2009.351204,2017.126205,2015.506373,2023.392417,1975.123341,2005.27779,1993.425778,2012.664226,0,0,8,8,7,5,7,7,7,4,2,252717.6,55.348515
50,0.2,0.3,0.2,4.2,25.1,9.7,69,25.5,10.9,0,2011.85308,2004.401785,2012.848508,2026.964512,2050.093374,2022.363143,0,2019.372081,2003.886044,0,8,8,7,5,7,6,7,9,0,263341.5,2342.502539
50.3,0.2,0.2,47.3,21.3,34,32.9,70.7,3.2,7,2602.109007,2032.51895,2012.61549,2025.264484,2019.428503,1993.000763,2019.756988,2004.843732,2027.402179,2002.247109,6,5,7,7,5,7,9,3,4,0,253702.2,0
0.3,0.2,0.2,47.8,25.1,19,25,75.8,0.1,12.6,0,2022.377332,1994.425361,2007.215531,0,2019.241281,2009.200839,0,2019.397867,0,6,6,7,7,5,7,9,3,4,0,246953.7,1024.831673
26.3,0.2,16,0.2,5.2,23.9,32.9,51.5,0.1,13.6,2360.142816,1987.456071,2017.251339,2009.163025,2015.594226,2007.217744,1960.48442,0,2016.207338,0,6,2,9,7,5,7,2,-1,0,-1,245886.9,0
61.6,0.2,14.6,0.2,0.2,17.9,25.4,37.4,11.8,0.7,0,2022.417621,2008.835707,0,1991.47013,2017.285592,2002.967963,2002.252505,1982.437173,0,6,5,8,7,0,6,7,7,0,-1,254516.1,955.0386445
15.5,47.3,0.2,0.2,0.2,27.7,41.1,50.6,9.7,16.7,2013.874121,2004.301223,2014.237014,1999.406841,2019.381743,2007.303932,2009.164693,2017.232709,2019.78713,0,1,6,9,5,8,6,7,7,9,-1,255449.7,0
6.6,53.5,0.2,25.8,0.1,25.9,56.5,43.7,0.6,11.2,1986.379356,2024.889496,1994.195451,2022.366473,2004.175202,2017.264961,2014.134522,2013.964302,1996.021988,2107.792137,6,6,7,5,7,9,0,6,3,1,257619.9,0
43.6,4.5,48.6,62.9,29.3,1.8,32.6,4.9,0.1,22.1,2009.022945,2014.712558,1999.439073,2001.246953,2022.489997,2014.743752,2011.344282,1999.990636,2005.569016,2187.387467,4,9,0,3,4,9,6,3,6,2,253761.3,0
46.9,32.2,28.7,12.9,3,16.4,25.8,0.1,35.9,21.7,2053.093718,2014.231354,1984.088454,1992.051565,1999.641058,2010.041275,2011.863018,2014.418442,2022.362646,2602.550522,6,9,8,1,0,2,8,9,5,8,266405.1,0
63.9,90.9,84.7,32.7,0.1,25.1,25.4,0.1,5.6,4.2,2014.318306,1993.212531,1991.719147,1986.746318,1997.091696,1979.569984,1982.561096,1984.557366,2032.612698,0,6,0,1,1,0,2,2,3,5,8,265943.7,649.41635
100,80.9,52.4,31.8,24.4,3.8,6.9,0.1,12.5,11.8,0,1997.971372,2018.876009,0,1999.590489,1993.674663,2019.762726,2019.174391,2011.986817,2016.689247,6,0,1,1,0,2,9,4,3,8,262342.8,869.086881
92.2,22.5,53.2,50.2,25.1,0.1,24.7,0.1,12.3,9.3,1990.885464,2017.245046,0,2005.755618,1959.352058,2012.152059,2005.588638,2014.396443,1993.874674,0,0,9,1,2,0,9,6,4,3,8,268181.7,1708.14081
77.9,48.1,50.3,50.2,27.6,0.1,25.4,18.9,0.1,25.2,0,2009.205561,1987.26643,2001.071091,1989.704617,2017.242239,2015.832655,2014.20871,1993.771624,2022.484298,0,9,1,2,0,9,6,7,3,4,257655,156.800048
50.5,50.3,4.3,9.8,52.1,0.1,36.5,1.1,12.4,21.6,2016.548809,2002.311501,1996.916011,2029.078821,1999.084312,2017.238875,2009.29368,2007.409541,2015.96288,2017.240145,8,6,1,4,0,9,6,4,4,9,243225.3,0
9.5,5,29.3,16.7,11.4,0.1,35.9,0.1,12.1,37.2,0,2007.63304,2007.359815,2017.332325,0,2017.237413,2011.706051,1994.371858,2012.473586,2011.719551,8,6,9,6,0,9,3,6,2,9,248636.7,910.7544335
62.7,9.1,4.4,42,0.1,0.1,38,22.7,0.1,16.7,1978.640415,2014.319672,1193.399647,1325.194113,2042.701539,1589.812973,2020.837488,1876.937268,2012.136084,1994.310623,0,6,3,3,9,3,6,0,7,1,259992.3,0
23.8,50.3,18.8,100,0.1,0.1,51.2,25.2,0.1,12.7,0,2012.772735,1227.930299,1293.872218,2017.081446,1190.828406,2012.313827,1996.507249,2012.216351,1985.740052,0,6,3,3,9,3,6,2,7,1,250574.7,62.545481
41.9,5.1,20.1,51.4,0.1,47.1,9.4,33.3,0.1,0.3,2212.919393,1967.26247,0,1999.395366,0,1992.56666,2002.712672,2015.489932,2032.435394,1999.274009,5,2,3,5,9,5,2,7,7,0,261331.5,391.939349
8.9,0.3,99.7,0.4,23.7,51.4,52.4,25.7,0.1,10.1,2229.504224,1559.972762,2027.213681,2012.382573,1101.37016,1986.374708,1701.723982,2014.234848,2002.310773,2047.888762,6,2,4,5,2,5,2,7,6,9,264176.4,0
0.2,0.2,100,49.3,25.1,50.4,30.9,25.2,0.1,12.7,0,2005.117728,2015.767341,2012.366451,2116.792432,2004.162784,1987.997831,2017.18796,2009.278455,2017.241972,6,2,4,5,3,5,2,7,6,9,258336.9,336.195706
0.2,0.2,57.3,11.8,1.7,50.4,25.2,59.4,11.8,12.8,2008.624539,2004.838452,2019.339241,1986.475209,0,2002.425636,2012.20559,2019.224697,2014.324593,2017.243959,7,2,8,5,3,5,7,7,6,9,259988.7,352.193027
42.8,0.2,50.4,47.1,0.1,40.6,6.2,52,12.1,2.7,2012.002586,2003.508784,1990.860115,2014.357621,1999.327962,2007.373698,2002.22706,2002.618357,2004.382414,2014.344987,7,2,0,8,3,5,7,5,8,8,256295.4,0
47,0.2,4.8,91.1,9.6,8.3,0.1,53.3,35.2,0.1,0,1991.14512,2009.004005,2010.269181,0,2017.436069,2009.144693,2011.852281,2007.220275,2022.392441,7,0,7,8,3,4,7,8,3,8,264082.8,165.6442075
50.3,0.2,46.8,50.2,49.1,0.1,0.1,50.6,38,0.1,2022.491864,1985.248755,2007.190125,2011.790368,2006.478553,2008.935901,2001.931236,2016.863137,1995.421146,2014.362765,4,0,7,8,2,4,7,8,3,8,260094.3,0
50.4,0.2,50.2,50.2,37.5,0.1,0.1,30.4,27.4,10.3,2002.459703,1984.122685,0,2014.35358,2005.835774,2014.252144,2009.206822,2014.367291,2012.865848,2025.135899,4,0,7,8,2,9,7,8,3,4,265526.1,940.795491
50.3,0.3,50.2,97.4,47.9,0.1,0.1,36.3,13.3,8.5,2022.47097,2010.277805,1974.879782,2016.95492,1997.765578,2013.948706,2017.301828,2053.284007,1982.840849,2019.282928,4,0,3,8,2,7,7,4,3,9,261858.9,0
50.3,0.3,50.2,53.7,29.1,8.2,0.1,53.4,21.8,1.6,2027.307071,1984.916818,2022.249751,2009.31648,1989.714227,2019.346791,0,2058.333768,2003.556487,2036.777549,7,0,7,8,2,5,7,4,3,8,261571.8,5299.034121
9.2,47.2,50.2,37.2,25.2,25,22.5,26.6,29.7,0.1,2022.271485,2001.962182,2014.279568,0,2001.309482,2014.385408,2001.103669,2017.446425,0,1999.42537,7,8,6,8,2,5,1,4,3,8,261863.1,4416.508031
